-Magitek-Armor-,0
-idk,0
-notagirl-,2
0b4m4,2
122david,3
124418609219,3
13853211,0
1level1,3
20TL12III,1
20greenshades,0
2k0,0
3-17-12,1
303win,2
3Taylors,0
3daughters2dogs1cat,0
3kris08,2
3littlegrems,2
3ll3,2
3loodwolf117,1
3scher,1
3xdot_3xdash_3xdot,2
4215,0
4amloco,1
4northftw,1
4on_the_floor,2
4xCharmed,0
4xmasbro,3
5288299,1
604nucks,3
65daysofstatic,0
6995,3
6regmcc,0
6whiteboomers,2
8245a,1
87Eric,0
883iron,0
8bitd1ck,2
95DC2,0
A-random-redditor85,0
A5M,0
AH_Cheb,0
AHungryPerson,1
APICTUREOFAWHALE,1
ARoguePumpkin,0
ATC93,0
ATwoms,1
A_RUDE_CAT,0
Aaron215,1
AaronAcousticide,0
Abbie82,0
Abiding_Lebowski,2
AboveTheClouds402,1
AboveYou5280,1
AbstractCelebrity,1
Aceavia,0
Adamman62,0
Addison87,2
AdmiralQuackbar,1
AgainstClint,0
AgentCodySpanks,1
Aidanmcn,1
AidenMD,1
AistoBasBistoC,1
Alacar,2
Alan_The_Argonian,1
AlaricV,0
Alejandrar3,0
Alicia_deaun,2
Alien_Powered,0
AllSkrewedUp,2
Allen4083,0
Alliery,0
Alokiya,1
AlphaTJH,1
Alt948328549,2
Ambie79109,4
Amhuffaker,1
Ammo333,3
Ampix0,5
AnAnimal,1
AnOrangeGent,0
Anagove,1
AndrewMufasaaaa,0
AndrewTindall,0
AndroidAR,0
Andthatguy,1
Anduh,1
Angusthe2nd,1
AniBastion,0
Annabelise,1
Anneal,1
Antarix,0
Appletwist,3
Aquintesce,2
Aracnel,0
Aragog,0
Araiebowhi,1
ArcadiaBailey,0
Arcath_,2
AreYouReadyToReddit,3
ArfurTrollington,0
Aridane,0
Arielion,1
Arkanicus,0
Arkanoid0,1
ArmedSnobbery,1
Armouredblood,0
Armyofthe12monkeys,4
Art1san,2
Arturos,2
Artwithoutartists,0
ArugulaDeathSmash,2
AshamedForDoingThis,1
Asher123498,1
Ashlee418,1
Asiapandemic,1
Ask_Me_About_My_Pie,0
AsmaJones,0
Asswater_Discoteca,0
Athardude,0
AttractiveMeat,2
Aultra,2
AustinPlease,0
Austonian87,2
AvatarMajere,0
Awake00,3
Awarewolf2,0
AwhMan,1
AyMiles,0
Ayzh,1
AzA__,1
Azilmak,1
B-A-Cchante,1
BBDB282,1
BMcFall07,3
BOBBmmmmmm,0
BTT2,4
BabaGurGur,1
Bacong,1
Bag_of_Ducks,0
BallerinaBonzai,1
Bambilla,3
BangosSkank,1
Baptise,1
BarelyNerdy,2
Barry_McCocener,0
BatMasterson5,0
BatchIntoGear,4
BawbGnarles,3
Bearaidz,0
Bearjewbacca,0
Beastybarnes21,0
Beatlejuice1661,1
BeautyBalls,1
Beccadex,2
BedBandit,0
BehindaLensinBigSky,1
Bellicose_Engineer,2
Bellsie,2
Belumes,2
BetnyRoseBud,0
Bi_pride13,0
BibleBeltAtheist,2
Big-ass-titties,3
BigBadDog,0
BigBoss722,1
BigDaddyLurker,0
BigNeecs,1
BigPlunk,15
Big_Easy42,3
Bionic0n3,1
BisFitty,1
BlackLabel2021,1
Black_Floyd47,0
Black_Lace_and_Butts,1
BlackberryCheese,1
BlaineMissouri,0
Blandfrw,1
BlassyBlas,0
Blastdouble59,2
Blly509,2
Blonde_Moments,2
BlueLightDistrict,1
Blue_Falcon_,3
BmxerBarbra,0
Bnutnative,1
BoSolaris,1
Boatzilla22,2
Bobwayne17,1
Bodybombs,2
Bomani_Jones,2
BonedbyPaypal,1
Bonkotsu89,0
BoobJank,0
BoopysRevenge,1
BoredDellTechnician,0
Botanicare,1
Bowserscastle1234567,1
Boxingcats,0
BoyofHIIIGGGHH,5
Brabbit12345,2
Brabinto,1
Bread_and_Bones,0
BreakGlassRevolution,0
BrendanDlay,0
BrilliantBen,2
Brizzwold,0
Brokemans_throwaway,2
Bronans,0
Brototo,0
Brunomars14,2
Buckfutters,1
Buffatron,0
BugsBunnysCouch,1
Buju3000,1
Bukowskaii,0
Bumblescump45,0
BunnyShuffles,3
BurritoDevice,1
BurritoVonBean,0
CBV,7
CDThornborrow,0
CLU7CH,0
CMDRtweak,1
CPKsJimboslice,4
CSULBHistoryStudent,0
CUTIEJUDY,4
CXLVII,3
Cabe6403,0
Cablefist,0
Cael87,2
Caffeinewriter,2
CaliConnection,0
CaliToast,0
Calientepocket1,1
CallMeLorenzo,1
CallofTraviss,2
CalmRoc,4
Calv1nrox,1
CalvinW,0
CamJ26,0
CamoHiddenDJ,0
CandleEnds,1
Candlejac88,1
CannabisCorpse,1
Canzary,0
CapricaSix66,1
CaptBeeFart,3
CaptJames,2
CaptMayer,0
CaptainFuckingPlanet,1
Captain_McAsshole,2
Cardboardpoops,0
Caremid,0
CarpCarter,0
Casstraitor,1
CatLover91,1
CatManDontDo,2
CatnipCotters,1
Cawkii,4
Cawstewow,0
CeleryMonster,3
ChadOcho87,1
ChainsawPolice,0
ChanceMercy,1
CharBrar,1
CharlieWhoop,0
Chempy,0
Chevy000,0
Chewsti,1
ChiSpurger,2
Chimes61,1
Chiramongus,0
ChoCake,1
Chrisand11,1
Christouxphr,0
ChronicBoner,0
Chuck_Finnley,0
CitedAardvark9,1
Cjaxlyn,1
Classtoise,1
ClassyCreepyBastard,1
ClemsonLaxer,2
ClintCHall,1
Clocktease,0
CloudDrunk,2
Cloverhart,0
Clownpounder2442,0
Cmartinez43,4
Cmdr_Taw,0
CoastieThaMostie,1
Coke0,13
ColLingusPoonhammer,2
ColinCancer,1
ColinFlolin,0
Colobos329,0
ColonCatastrophe,0
ColoredPencil,0
CommodorJuggles,2
ComputersAreFun,2
ConansBeard,3
ConservativeVictory,0
Cookie_Waffles,1
Cooldude4real123,1
CorpusCaveman,0
CosmoRealmer,0
Covenfather,1
Cowboylikeme,1
CptLeon,1
CraigFL,1
Crapturret94,0
CrayonManQuestion,0
Crazypenguine,1
CreepyCoyote,1
Creevildead,2
Crochetniac,2
CrowingNevermore,1
Croxxie,1
Crusnik909,1
CrustyCrabbyLegs,0
CtSamurai,1
Cthomte,1
Cubcake,1
Cuboner,1
CupcakeFetish,1
CyanideBunneh,0
Cyberpunk360,1
CyclingTom,0
CyrusTheRed,0
DCFKID12,1
DMLydian,1
DOMOxHAX,1
DTorakhan,0
DaddyM,1
Daedalus256,2
Dagdagger,1
DagsMcHung,1
DairyOnMyBoots,0
Dakftw,0
DallasAmigo,1
Dallas_Corbin,0
Dallasrenter,0
Damien_666,1
Dan_K_Industries,2
Danderson78,2
DangerNGrayce,3
DangerQ,2
Dani779,1
Danjanon,2
DankJack,1
Dankness_Himself,1
DannyJones,1
DarcDiscordia,0
Darkinu2011,0
Darklordsauron,0
Darksaber85,2
DarlingDestruction,2
DasRegalCag,7
De3ertf0x,0
Deborah111111,5
Dejashebases,2
DelStudent20,2
Deleccles,3
DenOfThieves,2
Dendo1,2
DenimTree,5
Denise65,2
Depinna,1
DerMetzgermeister,2
Der_Erlkonig,1
Derive1334,0
DesireeAnn106610,3
DestroyAllWhoShow,1
Detached09,2
Deviankings,2
Devron_System,3
Dextrome92,0
DiP203,1
DiegoTheGnome,1
Diego_UK,1
Diggitred,0
Diggtionary,0
Digikid13,1
DigitalQuixote,2
DillingerDrummer,0
Diogo1522,0
DirectorArea51,1
DirtyDirtyPerverts,1
DirtyMcNasty,2
DirtyMosoeTaint,2
Dirtyplastix,1
DiscordanceAxis,2
DiscountPuppies,0
DisplacedLeprechaun,0
DizzyIzzyW,0
Dizzy_Desu,2
Djdude128,0
Dmurr6,1
DocAtDuq,2
Doctor_of_Recreation,1
Doctorelectricwisdom,0
DodongoDislikesSmoke,3
DoesntLikeChicken,0
DomDomRevolution,0
DonkeyGraves,0
Donna3,3
Donna_Jean,3
Donotdrinkthewater,0
DontLetUp,1
Dooky-chan,1
DoomedJanissary,0
Doomjelly,0
DorthyMantooth,1
Doubleup,5
DrBoobian,0
DrFeargood,1
DrPepperHelp,0
DrWonton,0
Dragoon0309,2
DrawForFood,0
DropoutCollective,0
Drshibby,0
Drunk_Uncle_Ted,0
Drynian,2
Dudronia,1
DuitseMusikant,0
DumbDumbFace,0
Dummkopfs,0
Dwg2003,0
Dynexxx,2
EDJE,2
EJSpurrell,1
EVILemons,0
EauNoire,0
Ecchi-Dono,0
Echelon64,1
Ecyg,2
Edgar_A_Poe,0
Edgarthefish,2
Edifice_Complex,4
Egem14,1
Einarth,1
ElGruntox,3
Elaquidor,1
Elbobtheburrito,1
Elemori,1
EliteMaster,0
Ellebean,1
Elleyena,1
ElvisBTwo,0
EmeraldSupernova,0
Emiscudi,0
EmmaMay,1
Emmaleep,1
Emostarcraft,3
EmperorXenu,1
EncounterJake,2
EngelbertHerpaderp,1
Enraged_Walrus,3
EpicMuppet,0
Errchy,1
ErronSeth,0
EsVachel,0
Escape92,0
Evermore,3
EverythingAnything,0
EvilCyborg10,2
Evolv3,3
Ewalk,2
Exelus,0
Exposuree,1
Eye8urBurrito,1
EyeSpy_,0
Ezechiel1,2
FPSalchemy,1
FRAGM3NT,1
Faaln,3
Fabulousfrostmage,2
Fapotheosis,1
FarKingCnut,0
Faroffhighways,1
FatStupidAmerican,2
Fd657,0
FeSki,2
Fearlessjay,1
Fears2Phobias,0
FelonsHaveFriends,2
Fembotty,0
FemmeFeeTail,0
Fhanky,0
Fhoxx,0
Findmodestanswer,2
FireFoxMcCloud,1
Fish_Cheese,0
Fixergirl,0
Flappah723,2
Flessen0,3
Flion5001,0
Flippy02,2
FlyYellowMoon,0
Forever_Flaccid,2
ForteEX,0
Fortune417,0
FoxdieMercury,1
Fragex,2
FramingHips,2
FranceWinsWar,1
Francesca84,0
FrankMorris,1
FratriarchofMorgan,2
FreeThinkerLee,3
FrenchFry5725,0
FrequentHandWasher84,0
FreshCitrus,4
FreshCrabMEAT,1
Fro_Daddy,0
Frostatine,0
Frostyra,0
Frubah,0
Fryulator,1
FuckSunshine,3
Funkrocker,1
FurryPurp,1
FutureInanity,0
Futuredogwalker,1
Fwob,0
FzzyWbls,0
G0ATLY,0
G1oves,0
GOP_WHIP,0
GO_GREEN_GO_WHITE,1
GabrielNYC2012,2
GalloJD21,1
Gangrene,0
Garbanian,0
GaryCarver,1
Gayballs,0
GeneralRose,0
Georgeh212,5
Gephoria,2
GetDisowned,1
GetaPizza,2
Getintothegame,2
GhostOfDonLaFontaine,1
GiantRustyAnchor,0
Gingy19,0
Glass_of_Milk,0
GlimpseOfReality,2
Glioblaster,3
GlisteningDragon,1
GloriousPaperWait,2
Glynny,0
GoingRogue,1
Gomazing,1
GoogleOpenLetter,4
Gov_RickPerry,0
GrapejuiceBros,1
Grayswandlr,1
Graywolves,0
Grazzette,0
Greendragon24,0
GrimDeceiver,1
Grimfromsome,1
Grungymingo,0
Grwl,1
Guerrero22,1
GuiltEngine,0
GuinnessWithinUs,1
GuinniPig,3
H00ded,1
HEYIMMAWOLF,0
HIGHer_ENTucation,1
HMPoweredMan,2
HOLATME,0
HPROCKS,2
HadesSmiles,0
Hadouken2012,1
Hailtheres,1
HakeemOlajuwon,1
HalpImACat,0
Hamburglary,3
HannaJamesLee,4
HardKoreHero,1
HardWorkingWoman,0
HarryBlotter,2
HavartiParty,1
HaveAMap,2
Hawaii_Prince,2
Hectorthegreatone,0
HeisenbergWhitman,4
Hekain,3
Hekz,1
HelloFruitBat,0
HelloMarcOso,0
HelloUnderworld,2
HelpMePliz,0
Hepatitis_420,2
HereForTheHunt,0
HeresTheSitch,1
Hernandariguez,0
Hi_Im_yogibear,4
Hideaki02,2
HigglyBumps,0
HipsterMonk,0
Hiredfinally,5
HisGreal,4
Hman07,2
HngrySunDevil,0
Hobbez,0
Holy_Beard,0
Homiesunite,0
Honourandapenis,0
Hopeeternal,1
Houseboy23,1
Hovdizzle,3
Hs_doc,1
Hungry-Hippo-,0
Hungry4Pizza,2
Hungry89,0
HungryCollegeKid1,1
HungryCouple,2
Hungryindenver,1
Hungsolo08,0
HunniiBee,1
HurricaneIreneSucks,0
Hush399,1
Hybohead,0
Hypotetical_Snowmen,1
IAmAPterodactyl,1
IArePoor,1
IHSV_1855,0
IHaveARagingClue,1
ILoveCookies55,0
ILoveFirefly,0
INeverGoToWork,0
ISKEELE,2
ISeeYouuu,1
IWillBeatThis,1
I_Miss,1
I_can_see_you,1
I_iz_hungry,0
I_post_stuff,6
Ianrcampbell,0
IceCreamIsGood,1
Icometodrum,0
IdahoSucks,0
IdahoTrees77,0
Idontsellcrack,0
Iduna13,1
Ikouze,0
IllyrianKiller,1
ImMakingWaffles,1
ImissGA,0
Imnobloodylord,0
Impreza91,1
InNeedOfPizzaBad,1
InSidious425,0
IndiePrincess,1
Inebb,0
Instz,1
Invisllama,0
Ipreferbeerinacoozy,1
IrieHooper,0
Irishfanbuck,1
Ironswing,1
Istonian,1
It_Happens_,1
ItismeHODOR,0
ItsAgreatday2bealive,3
ItsIoki,0
IttieBittie,1
ItzOlahBro,2
Iwearhats,1
J1389,3
JBVega,2
JC08,2
JGRIFF123,0
JHanleyRed,0
JPenta,1
JRBro,1
JRutterbush,1
JT803streetkarma,0
J_Justice,2
JaL19,0
JackKerdouc,1
Jack_Mason,1
Jackal115,0
Jackpot96,0
JacobRyanD,1
JafarMayNeedGlasses,2
Jai_panda,0
JaimeVenegas,0
Jamber_Jamber,2
James1o1o,3
JamesChadThompson,1
JamesTurkey,0
Jamzicorn,1
Jankman01,0
Jason_Seagull,0
Jastha,0
JazzClutchKick,1
JazzyMcNazz,1
Jeexyou,2
JeffRoyale,4
Jeihou,1
Jenmama,3
Jenna_Kitten,1
Jensmom50225,0
JesusHRChrist,2
Jew_Pac,0
JimmyNinja89,1
Jindalunz,0
Jingolo,0
Jipepii,0
Jnorkett,6
JoblessCollegeKid,1
JoeF86,0
Joeramos,1
JohnClaymore,0
JohnSingularity,0
JohnWilkesTruth,1
JokoAndy,1
Jollyman,0
JonathanJN,2
Jorion,0
JoshVester,2
Joshancy,2
Joshybizzle,0
Juiceyp,0
JustAnotherPagan,1
JustBlewMyLoad,1
JustGodlyEnough,0
JustWantSomePizza,2
JustaRatStory,4
Justlaughaboutit,0
Jx22,1
KB1101,1
KFCatz,0
KYgirl89,1
KYmommy216,0
KYmommy84,0
KYmommy87,3
KadenTau,0
KamiKazilik,1
Kaozcore,4
Kargashi,1
Karter44,3
Karusune,2
Katat0nikRadi0,0
Kattattacks,3
Kayleemarie19,0
Kaysmommy,1
Keefa101,0
KeeperofEncarta,0
Keevtara,3
KegsWithLegs,0
KellyL3,0
KentuckyFriedNinja,1
Kerdek,1
KevinsBacon,0
Kgtv123,0
Kibblets,0
Kicken,0
KiloTheOperator,0
Kimmikaze78,1
Kinematic9,16
KingCarnivore,2
King_Hawking,2
Kitsuneominous,1
Kjack12,2
KlausCin,0
Klink-a-dink-dink,3
Knapkin,1
Knight203,3
KnittedOwl,4
Knowltey,1
Kolanie,2
Koolaidchick,0
KoolioKid,1
Koroshi,2
Kosobuckaroo,0
Kozii,1
Kpac_0000,2
Krashenbern,6
KrazeRyo,2
Kruger2147,1
KruziikDovahkiin,0
Kugru,0
Kyteno,1
KytyMeowFace,0
LATViALAURA,0
LMKurosu,0
Lachryman,1
Lackspotential,1
Ladelthia,1
LadyBrecky,2
LadyBrett,0
LaheyDrinks,2
LamRoss,2
Lashate,2
Lauraar,0
LaurenBlake21,3
LayzeLes,4
LeRedditReferee,2
LegendaryMobius,2
Leminnes,0
LessThanLaura,1
LethargicMonkey,2
Lexypinkhair,0
Liakela,0
LiamHubbard,0
Libera,0
LibrarianPony,0
LibraryGeekGirl,0
Lidemi,1
LightSideIsRightSide,1
Lil_lubun,4
LindaK1988,1
LinuxPoser,1
LionKatt,0
LipsLikeMorphyne,1
Liquorsnacks,0
Litemode,1
LiterallyProbably,4
LittleMissBlue,1
LittleRedReadingHood,0
LittleWhiteTab,0
LittlemissMusical,1
Livewireg14,0
Livewirehf,0
LivingWithHoarders,0
LizzyD86,3
LlamasOrDucks,0
LoadChaud,1
Loganhxc,0
Lol_Cancer,1
Lolalawless1,2
LoliSauce,0
Lolleroo,0
LonelyOnNaxos,0
LookNoHandlebars,3
LordJesusChrist777,0
LotoSage,0
Louie2112,0
LovableContrarian,5
LovePenguin333,2
LovelyLainey,3
Loveyoutwice,3
Lowkeykeylow,0
LuckyKelevra,0
Luh-Luh-Luh-Louie,0
Lunaa,1
LupoScuro,1
LurkerConnie,2
LurkingLikeABau5,0
LwCrid,1
Lynch_Diggers,0
LynnReid1971,3
Lynziruffles,1
Lysanias,0
Lysdestic,0
MCC5,0
MDMA420,3
MHerndz,0
MRdaBakkle,1
MadWhiteMan,1
MadeOnMyRealBirthday,4
MagdaEss,0
MagicalMurderCat,0
Maiser,0
MajesticTowerOfHats,1
Malcaiah,1
MaloVolpe,0
MaltMix,1
Mamayoda,0
Mananers,0
ManiacalLaugh,0
Manning01,1
Manny_Mudbutt,0
MansionTheHutt,0
MarbhDamhsa,0
MarcusParadis,0
Marius_et_Eponine,0
Marivia,2
MarsisDed,1
Masta-Blasta,0
MasterBlaster860,1
Masternova,3
MathIsDelicious,1
Matt24138,2
MattGrubbTV,0
MattMac124,2
MattOnADinosaur,2
Matt_Muier_Eyes,1
MatteosMommy,1
Mattkubed,1
McNicken,0
MechEngineeringGod,1
MeeNinjaTurtle,0
MegaMayhem,3
MegainPhoto,2
Megaross,1
MeggiePoo10,1
MelanieS,3
Mesmerale,3
Metalheadzaid,0
Methodikull,0
MexicaliBlues42,2
MichaelFay,1
MickySFINE,0
MidNightSky,3
Midlothianer,0
Midnight_Aviator,1
Miguel2592,2
Miiiils,0
MikeBruski,3
MikeEnIke,1
Mikey85,1
Mikkee,2
MikoRiko,4
Mildcorma,1
Milesaaway,2
Milkman41092,0
MindinMind,0
MinnesotaMatt,2
MinnesotaPride,1
MisaDarling,2
Misfiled,2
Mishiiee,0
MissBrendaSue,0
MisterWigggles666,1
MistrCreazil,0
Mitch2025,0
MitchellHaaland,0
Mkap3334,1
MoFoSantaClaus,1
Mobster96,1
Modaru,1
ModemEZ,0
ModstFox,0
Moesh,0
Mofabolist,0
MofiaGangster,0
Moldybooks,1
MollyHatchetBabe,1
Mom_DadPlus4,0
Mommyof4girls,3
Momof4redheads,1
MonsterIt,1
MoofiePizzabagel,1
Morbas,2
MortaLPortaL,0
MorticianofFaith,0
MostDrunkest,0
Moxypants,0
MrAgileBeast,0
MrBearengar,0
MrBitterness,1
MrBoogalu,0
MrCassian,0
MrCheungSon,0
MrDrPhizzle,0
MrGoldenVoice,0
MrMischief0220,2
MrPhatJared,2
MrPoohHead,0
MrPowerful,2
MrSlippyfist,1
MrSquish,1
MrTightButt,0
Mr_Do_do,2
Mr_Spoon,0
Mudkipman,0
Muhnazer,4
MushroomLizard,1
Musika13,0
MutantTeddyBear,0
MutatedGamer,1
Muttly2001,2
MyDogTotoro,2
MyKarmaKilledURDogma,3
MyLifeIsABeach,1
MynameisMormon,2
Mysteryman64,1
Mystic11,0
Mythbuster52,1
N-ConfusedPorphyrin,0
NJMom,1
NOT_A_BUMBLE_BEE,0
NachoCupcake,1
NakedLunchbox,1
Narconis,0
NarglesEverywhere,2
NarwhalNumber5,1
NastyBigPointyTeeth,0
NateNasty,5
NauticallyYours,2
Nd4Wd,1
Necrizzo,1
Ned_Starks_Foot,1
NeedSomeLuck,1
Neeps89,2
NefariousStray,1
Nemesis0320,0
Nephrastar,1
Neprut,0
NerdWith_A_Tan,1
Nessa209,0
Nessasayswhat,1
NeverLucky,2
NewToUni,2
Niapino,2
NickMason01,0
NickSProud,1
Nicolu,1
Nigerio,1
Nightkind7512,1
Nightsfaded,1
NikonElite,0
Nimues,1
Ninja1017,0
Ninjamonkeysd,1
Ninwa,3
Nitrous42,2
Nnyy,2
NoLuckYet,2
NoTimeLikeToday,0
NoiseJunkie,0
NolandCT,0
Nomsfud,1
NorthAve,0
Northerninfinity,1
NotAnObviousThrowAwa,2
NotAtAllBenny,2
Not_Mitch,0
NothingMoreAmazing,0
NotoriousHaze,1
Notreallymeinmadison,1
Novakanator,1
November_,1
Nowwhatdoyoumean,1
Nusent,1
ODSTAdrianFii,1
OHMEGA,1
OMGSX,0
ObbyDent,1
ObscureAgain,0
OccamRager,0
OffalAutopsy,3
Ohuma,0
OkToBeTakei,2
Okfineyou,3
Ol_Geiser,1
OldScenee,0
Old_Scratch1,0
Ollieh96,0
OmNomdePlum,1
Omurchu,1
OnDaBlockSlanginRock,4
Orangeslayer,0
Orcasmic,3
OreoOrigins,0
OscarWildez,1
Oscar_Rowsdower,2
Osperyz,1
OvarianBarbarian,2
Overieaction,1
Overmind172,0
OzKFodrotski,0
P38sheep,2
PAPA_EN_MI_CULO,0
PDExplorer,2
PIant,1
POSMStudios,0
POTEMrx,0
PUNKSHAMAN,0
Paladinlost,0
Pand0rah,1
PandSiper,0
Panikinap,2
PantherX,1
Pants_Bandit,0
PapaOomMowMow,1
PaperCrates,1
Parsionez,0
Patmybody,2
PaulWR,1
PauseBreak1,2
Pelleas,1
PennSullivan,1
Penultimate_Timelord,1
PhillyQ19,1
Philosophyforever,1
PhonieMcRingRing,3
Phredman,0
Phungasaur,2
Phyco_candy,2
PhysicsGirl,0
Pibbxtreme,0
Pink401k,1
Piraticalstyle,2
Pizza___Throwaway123,0
Plaidipus,0
PlainJain,0
Plan9Channel7,0
Plastic0Cow,1
PlatinumPenguin,1
PlazzmiK,1
Pnpp1817,2
PocYo,1
PodentOros,1
Polly10,2
Pomplamousse,2
PoorStudentTA,0
PopsiclePadre,0
PorcelainPoet,2
PostsCrapPuns,1
PotentPollen,1
PotentiaLSc2,0
PowerSpatula,2
Ppflounder,0
Pregnant_and_hungry,2
Prego_Interrupted,2
PresidentGaryJohnson,0
PresidentTylerDurden,1
President_Flowbama,0
Prince_Keylaylee,3
PrincessMLR,2
Pringly,1
Problemzone,2
Prock88,1
Prof_Mordarm,0
ProgrammingAllar,0
Projectile_Muffin,2
PsychoNinjaFlea,3
Psychochan,2
Pterrific,1
Publius0,4
Pudd1nPants,2
Puddl3Pirate,0
Pudie,3
Purple9994387483,2
PurpleSnow,1
Pwncho,1
Pybr0,0
Pyrohazard,0
QQsomeMore,4
QRSTUV3,2
Quadrius,0
Queenby,1
Quetz23,0
RALBIN0,1
RBIX,1
RDTa,0
REMbomb,0
RL007,0
ROTP,0
RPhilosopher,1
RRSignalMaintainer,1
RSMLancey,0
RSvennson,0
RaeFlynne,1
RafiTBA,0
Rafiki123,1
RageMonkey262,1
RagingBearFish,0
Raiden1312,2
RainbowDashPro,4
RainbowStar,2
RalphMullin,1
Ramt_1,7
Rand-AlThor,0
RandomWeirdShit,1
Rarararararar,2
Rastro,7
RattaTatTat,0
Raven_Madd,0
Ravyn82,2
RayRay17,0
RealHorrorShowLike,0
ReallyHungryGuy1,1
RebelLion_HalfBrain,2
RedOrAlways,0
Red_Chaos1,1
Reddit434838,2
RelativityPudding,1
Relickey,0
Relkeb,0
ReneeB,1
Renegade_Journo,2
RenoodleWNDRxxx,0
Retsopuck,1
Rev_Quackers,0
Reyz0rd,3
RhymesWithEloquent,1
Richard_Longboat_IX,1
Richardchambuhs,0
Riffy,0
RingoTheSquid,3
RitalinYourMemory,4
Robogoon,0
RobotBuddha,1
Robot_Legs,0
RockLobster89,0
RockMondo,2
RockNRollahAyatollah,0
RogerASmith55,1
Rogpog777,4
RogueNine,1
Rokky94,0
RomeKo,0
Rose94,1
Rose_Lade,2
Rottenresurrection,0
RoxanneANDLilly,3
Rozo-D,0
Rozsd_s,1
Rufian2113,2
Ruleroftheblind,2
Ryane927,0
Rydillac,0
Rynoke,1
S0brlvn,1
S3XPanther,2
SATXreddit,1
SCATTRON,0
SCFamof6,0
SDAdam,1
SDMarine,0
SEX_LIES_AUDIOTAPE,0
SPMex760,0
SRowan33,1
STHOA,2
Sabromex,1
SacUp,0
Sackomatic,1
SadAndHungry,4
Saeka,0
SafestSafe,1
SaffronWhiteGreen,0
Safria,0
SaintSnuggles,1
Salemkylar,2
SallyinCali,1
Saltywounds,0
Sanctusorium,1
Sanhael,1
SarahGadz,2
Sarahbear123,0
Saranghae_sohee,2
Satans_Mistress,3
Satheling,1
Satire55,0
SaturatedChain,1
Sch1308,1
Schizoreindeer,0
Schpsych,2
Scione200417,0
Scootaloo22,0
Scottruss,0
Scrambo,2
ScribsMcScrabble,0
SeaTownNems,0
Seanmatthewleary,0
Sebastian23,1
Secretus2,0
SeepThreepEO,0
Sekter89,0
SemajSemajSemaj,0
Senor_Wilson,0
Sentient_Lichen,0
Sephiroths_Bitch,1
Serious_Table,2
ServeSatan,0
SgtWaffles2424,0
ShadowElliot,1
ShadowXSeeker,0
Sham_Jam,0
Shangtia,0
Sharptastic,1
ShiggityShank,0
ShitOnTheWayToWork,1
Shnoox,3
ShoesWithSouls,2
Shorae,0
Shpook,3
Shrumples1997,0
ShuffleandTruffle,0
Shufflegirl,2
ShyShinobi,2
Shyr,0
SidyBoy13,2
SigmaValentine,1
SillyHatsOnly1123,1
Silverback,2
SilvioManuel,0
Silvrbreeze,3
Sinderelly,0
SingleMommy87,1
SiouxElk113,1
SirEdward43,1
SirHellsing420,1
SirPoBrinkman,5
SirRamen,0
Sir_Dalek,0
SissyE04,2
SisterHammer,0
SisterRayVU,0
SisyphusOfMorons,1
Sith_Empire,0
Skareymc,1
Skittles19,0
SkorcH333,1
Skwishums,4
SkyMuffin,1
Sladeownsyou,1
Slapthatbass84,2
Sledgemau5,0
SleepingBeauty2180,0
Sleezy_T,2
Slowly_BillCosby,0
Sludge_Hound,1
Sm314,0
SmashAnEmoKid,0
Smokecan,1
SmokehTheBear,2
Smurf06,0
Snackchez,0
Snapdude9,1
Snappo,0
Snides05,2
Snorlax12,0
SoManyMinutes,3
SoManyShades,2
SoToAnTrAx,0
SociallyAdeptPenguin,0
Sofistication,0
Soldi3r,1
SoleSoldier,0
SomeGuyOnReddit123,1
SomeGuyWithABoner,1
SomeWebGuy,2
SonoskeAkigawa,0
SophieBulsara,1
SorinSaakat,1
SorryButStsly,1
SourPatchAdult,0
Spandexisbad,1
Sparkitten,0
Spartan021,1
SpeaKeasYSKY,2
Speaker4theDead,0
SpecialCake,1
SpecialKRJ,1
Specro,0
SpectacularJack,0
Spikesbad78,5
Spilly5,3
Spinks,1
Spiritdad,0
Spliff_Me_Up,0
Sprgmr,0
Squidlor009,0
StLRedditGirl,1
Stafiejman,1
Stagnent,0
Starbuck0123,1
StarcraftPizza,0
StarlightxUK,1
Starlurker,1
StarrHrdgr,1
StartingOverFresh,0
StayFrostyIcebrgSlim,0
Stdruler,0
StepOnYourFunk,1
StephyGang,1
Steve50013,1
Steve_Zissou,2
Steveturds,0
StevieBecker,1
StewieJr,0
Stingray8,0
Stoned_Pelican,2
StoopiBird,0
Streakor,1
Stu2519,0
Sturdybody,1
Stux,8
StyxFish,1
Subhazard,2
Sublime1996,1
Suffistication,2
Suicidal_Inspirant,1
Suirou,1
Sulamar,1
Summerfools2011,0
SunakuNiwa,1
SuperBrownBro,0
SuperDave2U,1
SuperRecoveryMom_,1
SuperblySuperb,0
Supercakes101,0
Surlan,0
SurprisinglyEdible,1
SushiForOne,0
Sushi_Fish,0
SuspiciousTurtle,0
SvenTreDosa,1
Swarlley,2
SweatyMarshKitten,0
SweetJesusBatman,0
SwimmerGirl7,0
Sykotik,3
SyraMira,3
SyrupDerp,0
T3ph13,0
TARDISBlue2013,1
TCizzlage,2
TEYZO,0
THevil30,2
TK-fett,2
TMHS,1
Tabbycat719,1
Tabor91,2
Tai2172,0
Taiokaion,1
Takeachanceonme,1
Talesavo,2
TallGlass,0
Talwyn,1
TammieK,0
Tankercow,0
Tasleus,3
Tatertotattack,0
Taven_The_Bold,2
TaxeSnomore20,0
TaylerMykel,0
Taymuffin,0
Te5ter,0
TeHMetronomE,0
Teambrap,1
TechGuyDallas,0
Technosugar,0
Teflon_McDermit,1
TegaNaft,1
TehCourtJester,1
Tekken2,0
Tekn0junkie,1
Temari22,0
Tenshik,1
Tenth_Doctor,2
TerminalxSound,0
TesticleTophat,3
TevlarHooperson,0
TexanInExile,1
That_Black_Kid,1
That_Urks_Me,0
The-Seldom-Seen-Kid,1
The6ofUS,4
TheBeardedOwl,2
TheBossMan5000,1
TheCats_PJs,0
TheCrimsonArmada,0
TheDanVail,1
TheDecline28,2
TheDreadGazeebo,0
TheDudeAbides37,1
TheGlassface,0
TheGooglePlex,0
TheGrasstheSteakAte,3
TheGreatGildersleeve,1
TheGreatestRedditor,0
TheGreenJuan,0
TheHoffman,1
TheInternetIsNaughty,2
TheKidWantsMilk,1
TheLastRealAccount,0
TheLightingGuy,2
TheMagicConch,1
TheMinks,2
TheMrCartz,0
TheNamesIrrelevant,0
TheOriginalHavoc,1
ThePotFarmer,3
TheRecycleBin,3
TheSkeward,1
TheStorySoFarBro,0
TheSundanceKid45,3
TheTripCommander,0
TheUnrepententLurker,1
TheWhiteRabbitY2K,1
TheWorldmind,1
TheWorstHasYetToCome,0
The_Axelrod,4
The_Babe,1
The_Correctionist,2
The_Nox,1
The_Peace_Maker,2
The_Smooth_Mexican,1
The_Wily_Curmudgeon,1
The__Doctor__,0
The_black_Community,2
The_reflection,1
The_sly_kit,3
Theesunbro,0
Theoritis,5
Therion6,0
TheycallmeFoxJohnson,3
ThomasTheDankEngine,3
Thor_Odin_Son,2
Thorbraig,1
ThrasherAlliance,0
ThrowAway01890,2
Throwaway980008,1
ThrowawayBegger,1
Throwayguy,0
ThunderCockMartian,1
Tiabaybee19,2
TiaraBear21,2
Ticking__bomb,1
Tigerbanger115,0
Tim9091,3
TimeToRepaint,1
TiredWorkerBee,3
ToastTheHero,0
Togimon,2
Toliver182,1
TomBV,1
TomDoughnitus,0
TomMaxwell,2
Tomcatjones,0
TommyHollywood,0
Tommytwotoesknows,2
Tomtom041890,5
TonightsWhiteKnight,0
Tony_tigre,0
TonyaLynn84,0
ToppedOff,1
TornadoCondorV2,0
TorontoInSummer,0
Totally-Fucked,3
Totempants,1
Touchy_touchy_no_no,0
TouglasBoat,2
Toxicsidewinder,2
Toxikk,1
Toyfare,0
Tragic125,1
Trainwhistle,0
TramMonkey,1
Transparent_Taco,2
TrapandRelease,2
TreeStarr,2
Tricher619,0
Tricker1991,1
TriggerdbyChrono,0
Trmy9b,0
Troll101Catz,0
TrouserSnake2992,0
TrueXuman,5
TrustMeImHigh,1
TurkDavidson,0
Turkilla,3
Twilight_Sparkles,0
TwinCties001,1
Tyking,0
Tyl3rDurd3n,1
Tyrinasoarus,4
Tysonus,0
UCBCarebear,2
UglyKid95,0
UkuleleNoGood,0
UmbrellaWolf,0
Underoathftw,1
Undersurface,0
UnfoldablePages,0
UnfrozenCavemanLaw,0
UngratefulPeon,2
UniversityGyno,2
UtopianEmpress,1
Valaksha,0
Vampiresagain,0
Vanheim,1
Vassss,1
Vellon221,1
VengefulOctopus,1
Venomheart,3
VeryProudhonOfYa,0
VicHoliday,4
ViceroyRW,1
Viggerous,0
Vinnysin,4
ViolentOctopus,1
VirginityCollector,0
ViridianVixen,1
VordLader,2
Vote_Gravel,1
Vyous,1
Vyvanse,2
W1GG3R,2
WGDpizza,1
Waffleman75,0
Wagnam,0
Waitwtfisthis,1
Wallywarus,0
WalterGrove,0
Wanderlustking236,2
WangJinrei,0
Wayward54,2
We_The_Living,1
Weapon_X94,0
Weechickadee,2
WestDakota,3
WhatsausernameHF,0
Whazzits,3
Wheelsandthe-legman,2
Whiskey_Joe,1
WhitechapelPrime,0
WhoJahBless,0
WhyArentYouNMyOffice,1
WildBeards,0
WildVariety,3
WilfordGrimley,1
Willowmaker,0
WishIWereHere,1
WithABaseballBat,2
WittyWebHandle,4
WoffyCoffee,1
Wolfeman0101,2
Wordwench,1
WowFantasticBaby,2
Wrathicus,0
Wulfbane,0
Xandersmommy,2
Xedma,0
XelaIsPwn,1
Xeropoint,0
Xfairytalejunkiex,0
Xombieshovel,0
XplatinumXpixeyX,2
XtaC23,0
XtimmyX,0
XxHopex89,2
Xxbatman_XD,1
YUBYUB2424,1
Yarbsful,1
YardGnome,0
YayNoMoreLurking,0
YellowBirdLadyFinger,1
YepSheSaidThat,0
YoahLow,1
YouCanCallMeLiz,2
YupUhhuh,6
ZB4F,1
ZMerrell,0
ZacAtom,0
Zack93,0
Zahel,0
ZappaSmappaz,1
Zaxmaur,4
ZeBandit,2
Zebattlefieldz,1
Zeis,1
Zelgardis,10
Zeno666,2
Zilveari,0
ZinjaNombie,1
Zombiemold,0
Zsymon,1
ZynzynzyN,2
_BiPolarBear_,0
_Mink,3
_Synth_,0
__C3__,0
__The__Doctor,2
___VK,1
___interlude,0
_chmod777_,0
_sil,2
_silentheartsong,0
a-wes-ome555,0
aAntelope,0
aFunnyWorldWeLiveIn,0
aProbl3m,0
aSnuggletummie,1
a_funsized_gentleman,0
a_wizard_diddit,2
aaa801,0
aaaashc,0
aaronthehuman,0
abedcoolcoolcool,0
abjackso,2
aboitic,3
abscando,0
aceagle93,0
aceballos,1
aceetobee,1
achrist14,1
activitus,1
adamantium_buster,1
adidaman,0
admdelta,1
adnamajean,1
adrearly,4
adrewryan,3
aforarmy,1
africanabarbie,4
aggiecath14,1
aguywithacellphone,2
ahhhhh11,3
ahnalrahpist,1
ailurus42,2
aint2proud2beg,3
ajauholawola,1
ajdl334,0
ajlover1986,0
ajthesecond,2
akagoldfish,2
akmlr,1
akystics,2
alabamasweet,4
alambert212,2
alansmithee331,0
alefnull,0
alexandraentendre,0
alexandrathegr8,1
alfadog77,1
aliceann93,5
alicelnwonderland,0
allenfaigao,3
allfourmykids,2
allusions,1
almightybob1,0
alnajjd,0
alostcause,1
alrightmike,0
alyssaraeholden,3
amagzz,2
amberLM,2
amberene,1
ambertigereyes,1
ambitiousjuvenile,0
amcutro,0
amdra,1
americanbred,2
americanhitcher,1
amo25,3
ams2000,1
amym91,0
anafiihayaty,4
analreceiver,1
anamespeltwrong,2
anankletisasmallsock,0
anb1990,3
and_so_it_is,1
andersoncoopersboner,0
andreareneeA,2
andrewbaker_64,0
andrewguenther,1
andstuff,2
andwilldsaid,2
andwithtthat,1
andy_gbert,0
angelbaby21,1
angelcdm228,2
angelcompton,1
angelpuff,1
angryragtimer,1
anigavnisinep,1
anita_pizza,0
ankillanessie,1
annYongASAURUS,1
anointednonsense,5
anonymister1128,2
anotherred,0
antgly,1
anthonyLe123,0
anticipatedgiant,0
antigravity_x,2
anyquestions,1
apainfulthrowaway,0
aparke41,2
apcolleen,0
apesnandroids,2
aphorg,1
applederringer,6
apt0s,1
arcnotl,2
arekususan,0
areraswen,0
arielsncsy,3
arismaggiani,0
arkook,3
arms_of_the_beloved,0
aroracle,0
arquebus77,0
arrpee3,0
artificialred,0
artisticsubmission,0
artsya3,0
artvandelay916,1
ascendingorder,2
aschmalzer,0
asdflayne,0
asdfom,2
ashleypenny,2
ashuri2,0
asitransmissions,0
asouthernsun,1
asualum2002,4
aureality,3
austocans,3
automatic_bazooti,2
ava_adore,0
avalon18,1
averdin,0
avianavery,1
aviatorofscience,2
awana56,0
awesoMetrical,2
awthumaustin,0
azeroth_dawn,1
b0unc37x,0
babababigian,1
babygiraffe67,0
babygirl630,0
bacondev,0
baconpiex,0
bad_cab,0
bafoonwitaspoon,2
baggins,1
balfort,0
barcher80,2
barehare,1
barrygusey,1
basskitten-,1
batmanlight,1
bau5k1ng,1
bbbreaker,1
bbqchickenisgood,1
bburchibanez,1
bbydede,0
bclark2137,2
bdalebs,3
beanza,1
beatdownbutnotbroken,1
beavis81,1
bebeschtroumph,2
bedouinebabe,2
beencaughtfapping,1
beklemesalonu,1
belizardbeth,6
belovebepeace,1
ben_durr,1
benc1213,1
bengringo2,2
benny8897,0
beset_by_wanderlust,2
bestpartsoflonely,2
bgmrk,0
bianca5683,0
biffle,4
bigbuzd1,0
bigfishh,1
bigjakefhecake,1
biglizardinmybyard,0
bigmamad,4
bigsol81,2
billy_buckweed,0
binarypower,1
bingbangbooom,2
bitch_puddin,0
bitner91,0
bitofaboss,0
bitsofsick,1
biwley,1
bjessicarenee,4
bkeiya,1
bklynboy89,1
blackbird82,1
blackout517,0
blackowiak,0
blackprince542,1
blackstar00,1
blahsappystuff,2
blameitontheaaambien,1
blattacker,1
bledsoep,1
bleeding_dying_love,4
blessedlife,1
blindpringles,1
blizake,0
blogger4DC,0
bloodybadger,0
blowjay_simpson,4
blubirdhvn,1
bluecastle,1
bluedays,3
blueeyedmommy,3
blueoctopus,1
blunatic,2
bman23433,0
bobafoot17,0
bobbyllama,0
bobmooney,0
bobmystery,2
bobntraci,0
boboagogo,1
bocelot,1
bocksofwine,2
boner_sushi,1
bonerbandit,2
bonerjamage,1
bones_jones132,0
booger_butt,0
boogieonregwoman,1
booperiii,0
borg484,2
bornbytheriver,1
boysenburry,2
bozowantfood,0
br4dleysm0m,1
braddletoad,0
brainswho,2
bravefencertrollashi,1
braverywillfollow,1
brazen,1
breelyair,3
bretsony,1
brianmoon,1
brickoftr00th,1
brinkofhumor,3
bripdokmont,3
brokecollegekid13456,1
brokenchairs,2
brokenprodigy114,2
brokewith2kids,2
brom333,0
bromaslav,0
brotherbock,0
brresnic,1
bry1982,1
bstewart88,1
bucknakid14,0
buffs37,0
buggysmama108,2
bugsinamber,2
bunnylove69,0
buoywonder77,2
burningplanet,0
burritoboss,1
busch_chugger,2
busybeemommy,1
butteredpotatoman,2
butterydelight,2
bzilla,1
c0wboigreas3,2
c_murder,2
caarl,1
cadderly09,1
caerul,1
cahaseler,2
caimaela,4
calabresi,0
calvinwylie,2
cam843,2
cambionic,0
campbellseh,0
candyapple08,0
captainguinness,2
captainsum,0
carbonfountain,0
carcinom_a,0
cardiffian,1
carltonbankz,5
carmenlrp,1
caroline_apathy,1
carraway,2
casella2,2
catmom9,1
cavanaughs,0
cb98678,1
cckynv,0
ccraig6277,0
cdal06,0
ceerob007,2
ceevar,1
celticsbig4,0
celtictamuril,1
cementsocks,3
cevogel,4
cgillett,0
ch2st,0
chairback,1
chalkdongler,1
chalt0,3
chantel_9,3
chantel_deaton,1
charliebatch,2
charliej,1
cheesepile,3
cheesesquirt4,1
chefjayke,0
chelac,22
chelloveckskunk,0
cherboi,0
cherrymama,1
cherrysweet,0
cheshirecat76453,0
chestdumpsupreme,0
cheyfamily5,1
chhill2,0
chieftokenpuff6,1
chimneyswifty,1
chmpdog,3
chom__,0
chowcow,2
chrisbellttu,2
chriscosta77,0
chrishilldrop,5
christmasinmycar,5
chunk609,1
chylilith,1
chynncarmen,0
cidzeraus,3
cindisART,1
cinemaesque,0
cinemocracy,3
cinnamondolce,0
cl0ckw0rk0rang3,2
clairemarch,0
clanksy,1
cldumas,0
cliffkleven,0
clist440,0
clong2,3
cloverling,0
clubs924,0
cluckles,0
cmb3497,0
cmosa,0
codax755,0
coffeebeans10,0
coffeegirl27,2
cogitaveritas,1
cole1209,0
coltboy,0
commonreddituser,1
completelydrained270,2
compto35,0
compton89,2
comrade-cupcake,2
comradefuzz90,0
comradeyeltsen,1
conbel,1
condiotti,0
confused_redditor,1
constantSarcasm,1
consumedbythefire,0
controlZ,2
cookie0076,1
copinters,4
coppawallap2,1
corbeeZ,2
corknazty,1
corporatecashcow,4
corpusdelenda,1
corytr,0
coupleinneed,1
course_you_do,1
cowboy_mike,1
craigory45,1
crazedandabused,5
crazedy,1
crazyredhead87,0
creativezen,2
crg78750,2
crmsonspo,1
crowdsurfer,1
crudapples,1
crusaderqueen,0
crypticmeth,2
csheely17,3
csmcangl,0
ctrl_c,0
ctrl_z,1
cubiczoeconia,3
cupcakeDeb,1
cupcakessss,1
curious-creationist,0
curiousinhistory,0
cutemom27,4
cuttingagent,2
cwlippincott,2
cyb1n,0
czerniana,1
czeroes,0
czuzak,1
d0nt_b1ink,2
d0ze143,0
dabeanbandit,2
dabeeisme,0
dadof3,4
dadoftwinboys,3
daevonn09,2
dajensen,1
dakay501,1
damianm,1
damnyousave,0
danbri28,0
dandan97,0
danddel,0
dangersgirl,2
danhalligan,0
danidap22,0
dankne,2
dannianne,1
danroccks,0
dantondrobot,2
darkangelle,0
darknessdfa,2
darkwingfuck,0
darlantan,1
darthnuri,2
darthoptimus,2
darwin57,1
dasfeiz,1
dashindarlin,0
dave_stiles,0
dave_the_african,1
daveywaveybaby,0
davidduckface,4
davidreavis,3
davisescapeplan,0
dboti,0
dbrownbear,1
dc2040,0
dc218,0
dcarrrey,0
deadhaze35,1
deadheartsbeat,0
deadparrotx,2
deathbyramen,0
deathsyce02,0
debolt,0
debracat,2
decandentandsymetric,2
deejack,4
deepfriedarjun,2
deerareinsensitive,0
deere,1
deerface,0
deeter16323,1
defcoxl,0
deftgsxr,2
dehOne,0
dekutam,0
delkinba,0
dell90wattac,1
democritus2,2
demon8rix,2
denimthrowaway,1
designasaurus,0
desperateandhungry,1
destructopop,1
detective_donkey_dic,0
deuce54,0
deus_ex_eagles,0
deusahominis,1
devjunk,1
devonjackson,1
diardiar,0
digitaldraco,2
dillano609,1
dimestorehood,0
dingo152,1
dinnersnotready,2
dinothesaur,0
dionysus220,0
dirtyharry8,0
dirtywook,1
disorientedhobo,0
disposablewife,1
divafrenchie,1
dizzybum,1
djPARADISE,1
djbartos93,0
djbsay,0
djgizmo,0
djpedrop,1
djtempest,0
dlenoxx,1
dlnmtt,1
dman8000,3
dmgirl,3
dmitche,0
doc_brietz,2
doctorelliot,0
doglover007,3
domkennedy,2
donamunns,1
donbvonb,1
donkeybuns,0
dontsayohwell,2
donttakemywordforit,1
doodle7020,0
doozerman,1
douglashill,4
doutlawjessejames,1
doveTail_,0
doworkz,0
dprowan84,2
dr0idx,0
dr_spaceout,3
dr_wang,0
draco619,0
drankrobot,2
drcazes,0
drdan1991,0
drews2012,2
drfeelgood60,1
driftsc,1
drinkthebleach,2
drowninginpudding,3
druid_king9884,2
drunkenmonkeybrigade,0
drunkinmilwaukee,0
dryersheets,0
dsteeleAggie,0
duckydoom,1
dumbledohhhh,0
dummyhead,3
duncanjewett,0
dunnmyblunt,0
duracell33,1
durden87,1
dutchess_elm,3
dutchholland,0
duvalrn,3
dxtrr,2
dyeam,0
dylanausing,0
dysonlogos,1
dzack,1
eaglebtc,0
easeintoit,1
eastcoastin,2
ebetha,1
echelonFox,0
eddie14126,1
edwards12691,1
eelassirak,0
effigies,0
efflixi,1
eira_,1
elaine_wowza,2
elastic-love,2
element33,1
elephantangelchild,2
elephantblueshoe,1
elephantbuttons,2
elfinwizard,0
elikat,1
elitekaoss,3
ellomate,2
elsieghost,0
emajoranna,3
embarrassedaboutthis,3
embarrassedinflorida,1
emilyishungry,1
emmo245,0
emmuppet,0
emotep,0
endersynthia,0
enderwigout,0
engineeringENT,0
enhancedtrivia,1
enjoi_uk,1
enneathought,1
entwithapenis,0
ericishere,0
ericjraack,0
erikturner10,0
erinmadams,2
ermahgerd_face,0
eskiimo,1
etwl18,1
eunosben,0
europeandaughter,0
euugie,1
everhasbefore,3
ex-theist,2
exdigga,0
exodusmachine,1
expandyourroots,2
explikit,0
externals,0
extrachrispy,0
f33dback,3
fURRYSUN,1
f_monk,2
faceless_one,1
failsocks,3
familyinneed80,2
fatdp,0
fattyboombaladee,1
fdhfjdfkhd,2
felixthemaster1,0
felixvbaldr,3
fiestymama77,1
figglefox,0
fin4lz3r0,2
financial_idiot,1
fingerscrossed2,1
firefighter190,0
firelovinggerbil,0
fishcatcake,1
fizzyliftingdrinker,0
fknsewermoose,0
flagman10,1
flakemusic13,1
flipperjack,2
fluxtor,1
flyangel2478,2
flynnski,1
flywheel521,0
fohacidal,0
follow_your_bliss,1
followingflanders,2
folxify,2
foobar314,0
forceuser,1
foreveraskeptic,1
forgottenapostle9,3
foxclocks,1
frackthatbitch,1
frankcbright,0
franki3J,1
frankslittlebeauties,1
freakalicious_mn,1
freakish-neko,1
freedominthefoliage,0
frenchd91,5
freyant,0
friedpundit,2
friedsooshi,2
frizzyburr,0
frogfreek,0
froggigger,0
from_twelfth_planet,1
frustrationparade,3
fuckbitchesgeteuros,0
fuckevrythngabouthat,1
fuckitchuckit,0
fullmetalutes,2
funkaphant,0
funkengruven88,3
funkinwagnallz,1
furbix,1
fyiiamaspy,0
gabenelsonKPB3292,0
galaxypanda,1
gale_tomlinpeaches,0
galwayjedi,0
ganderson81,2
garfieldcompton,1
gary7,1
garywb069,0
gatorfan12,0
gdf72295,2
geauxreddit,1
geeeenie,6
geek_swagg,1
geekonamotorcycle,0
generalnotsew,0
genericgamer,2
generichandsomeman,1
getoutofherestaIker,2
getthefuckinmybed,0
gettingtherety,1
getya,3
ggcc,1
ggsly,0
ghandiburger,1
ghostleeone,0
ghostlytrees,0
ghostofahorse,0
giants707,1
gibmunnehorbanu,0
gimmick1025,2
gimpz,2
gingerOHsnap,0
gingerdoo,1
girliegrrrl,0
girlzmomtwo,0
give_this_one_a_go,0
gleefulmidget,0
glowstix420,1
glycerinSOAPbox,3
gneiss-platypus,1
gnetro,3
gnidaol123,1
gnobytivarg,1
goawaynick,1
goddamnit_ted,3
goddamnitdad,3
goddamnjuice66,2
godissayingthistoyou,1
goingnorthwest,4
gokunt,0
goldenbear_,0
goldenwookieechild,1
golfalien,0
gomental,2
gootray,2
gordo82,2
gormanboy,1
gothlips,1
gottrawn,0
grace613,1
gracefulwing,1
grafittiscootaloo,1
grandma20101,4
grapejuiceisblah,1
grayshot,1
green323,0
green_eggsandham,0
greenbee202,2
greenbeen1,1
greggsandler,1
gregmuldunna,0
greyshadow_7,2
gridx,0
grimblegromble3,0
grits207,2
griz120,2
grooveboy101,2
grunge420,0
gryphon5245,0
gttaluvredditors,0
gufcfan,0
guitarist231,4
gumiho9,2
guyperonni,2
guywiththeanklesocks,1
gwennyrose,0
gwisawesome,2
hBoBh,0
haaallleeeyy,0
habbadooba,1
halounit,0
halsmypal,3
halupki,3
handstanding,0
hankgrill03,1
haox72,1
happehkitteh,0
happy2pester,0
happywaffle,1
hardfemmewitch,1
hardworkingdad,2
harry-yerawizard,0
harryeffingpotter,3
hart1975,0
hashashin710,0
hatescarrots,0
hautegauche,4
havingdizziness,1
havox07,2
hawkfeathers,1
haydenandlexysmommy,1
heartachetickles,3
hebisreal,1
heizmon,1
helldeamon3,0
hello_There17,0
helloder2012,1
henington,0
henley519,1
hentercenter,1
herduckyness,3
hereforaday,0
herrokatie,2
heybigpancakes,5
heyitslongdude,1
heyturtle,0
heyyoudontsaythat,2
hfbguy355,1
hidradenitis,1
highlnder777,1
hiiilary,1
hijynx427,3
hilaroo,0
hippiemama,2
hippymatt,3
hitno2004,2
hive_worker,2
hiyaninja,1
hjemisalive,1
hlmtre,3
hmcps89,1
hmmnotsure,1
hoganloaf,1
hollyallen,2
homeboymcgee,2
homeschoolingmom,0
homicidalfetus,0
honor646,0
hophopsbarley,2
hospitaltapes,2
housewife29169,0
houstonflies,0
hovding,0
how_do_i_name,0
howmanymics,5
hullobirdy,1
humansareyum,2
humpierbus,1
hungry4food,2
hungry4pizzzza,1
hungry5742,3
hungry_irish_lass,1
hungry_lurker_sad_gf,0
hungrycorpsteacher,2
hungrydad,1
hungryforpizza0000,1
hungryindebt,4
hungryirishman,1
hungryman2,2
hungrymom,2
hungrystudent50948,0
hungrystudents,2
hungryuniversitykid,1
hypecat,1
hypn0fr0g,1
i-ride-dragons,1
iFightForUsers,0
iKidCudi,0
iLiekOwls,1
iLoveYouu21,1
iMack87,1
iProxxy,0
iTwi,0
i_here,0
i_m_here,5
iambeard,2
iamcosmos,0
iamkaiser,1
iammattstarkey,0
iamthekawaiiprincess,1
iamtheriver,5
ianingf,1
ibanghookers94,2
icankilluwithmybrain,1
icbat,0
icecool988,0
icefall5,1
icemanGiveth,1
icemax,0
iceschade,2
ichooseyoupika2,3
ichwillkuhe,1
icycreamy,5
id_kai,0
idealdebate,3
ideotera,0
idogiam,0
ieatfoodsometimes,0
ieatoctopies,0
igotbigtitties,1
iguessimnic,0
iheartbaconsalt,0
ihopeitsatimemachine,0
ikaika,1
ikelewis,0
ilikedirt,0
ilikehamburgers,1
ill-learn-ya,1
ill_use_this_one,0
illegalDL,0
illlawlatyew,0
imaguyandiwantagirl,0
imakephotosk,1
imalwaysjustme,3
imaphuckingdog,2
imdol,0
impispro,1
imsupercereal4,1
imthat1girl,2
imveryhungry,1
incubus809,0
indianagirljw,1
inducingnostalgianow,1
indy_throwaway,1
ineedateam1,1
ineedfoodzplz,2
infuriated_walmart,1
innovindil,1
internet-arbiter,1
intothesunbeams,0
ipopiad,0
iprizefighter,1
iradescentiris,0
ironosora,1
irover,0
isingthr4iam,0
ismokedalltheshwag,0
ismywifeawhore,2
israel_regardie,2
ithicus2,0
itsKOOLtobeGREEN,1
itsaghostagain,1
itsamoreh,1
itsbehindyou,0
iwant2drum,0
iwfh,2
iwontthrowawaypizza,1
j14vv,1
j41d3n,0
jacag2004,2
jack54,0
jack_porter,0
jackelope,0
jacquibatman7,0
jakjg,1
jamesf797,1
jamespweb,0
jamesyorkdrake,1
jamisonfitz,0
janell89gagnon,1
janell_gagnon,0
jaques34,1
jaredellison86,2
jarizzle151,0
jasonmm1979,0
jatoskep,1
javi_intheair,0
jayayeceeohbee,2
jaymayk,1
jbeckfox,1
jbrinskele,0
jcgentry,1
jcneal04,0
jdbrat03,0
jdxogdlfkjvndgl,6
jeconti,0
jedberg,6
jedi1354,0
jedwin7,2
jeffp85,2
jeffreydonger,2
jemsblock,0
jenntotheferr,1
jennyinstereo,2
jensdad2005,1
jeram92,2
jero2006,0
jessicadontbite,4
jessiebug,3
jessmanyeah,0
jesspest,1
jestert26,0
jeswrestledabearonce,1
jewishpopcorn,1
jewlz_austin,0
jhansipower,1
jhuck30,1
jimmyomalley01,3
jjcrux,1
jjr1982,0
jlking3,2
jlmango,0
jmarita1,2
jmartin21,2
jme413,0
jmelol,2
jnorthup0620,2
joealanbrooks,1
joederpsmith,0
john_wu,0
johnny2by4,1
johnod,0
johnuala,1
jomomasdady,0
jongasm,1
jonkdavis,1
jonnyg22,1
jordancam,1
jorson,0
joshoutloud,0
jousou,3
jovialkitten,0
jplank1983,1
jpop325,1
jramjram,1
jreppa,0
jrk190,1
jsdykstra,0
jshima2,0
jt573,8
jtcglasson,0
jthall,1
jtown465,0
juanwonton,1
judyisapunk321,0
juggalettagurl,2
julirocks,1
junior92,1
juniormantis,1
justaMOMonreddit,0
justanassembler,0
justanub,2
justin1311,1
justinzagar,1
k3kz,2
kaarno,0
kalban777,0
kaleidoscopeiis,2
kalikillyou,1
kamajo8991,0
kangaroo2,2
kar-re,0
karatastrophe,1
karmicmoondreams,0
kashra,0
kassietullock1,0
kateluvscoffee,0
katiezine,0
katkelly57,1
katz22492,0
kaynebee,1
kaysee2654,0
kaysmomma,2
kazooie777,0
kb13733,2
kbiering,1
kbsmom1031,2
kcoop91,1
kdubz0r,3
keanuisjesus,1
keasbey15,1
keebster83,1
keepitupstairs,0
keikeibug2008,1
keithmann,1
kelleym8021,1
kellierose,1
kellswastaken,5
kendall12321232,0
kenshira,0
kerizzle,1
kess0078,1
kevinwfick90,0
kevka,1
kevonicus,3
keyblade321,1
keysarecool,2
keysersozeweall,0
khanyr,0
kickazzgoalie,1
kicking_wing08,0
killapeeez,1
killerwarpig22,0
killhimalready,3
killinmesmalls,1
killmesara,8
killymays,0
killyoureparents,0
kimi21,0
kimmyjay,2
kingston_boss,1
kippythablonde,3
kirakas,1
kittix,1
kittybiscuits,1
kittybow,1
kiwi061216,2
kj658343,1
klairedee,1
kmamrsr,2
kmart67620,0
knockerwocky,1
knoxontholos,2
komoto13,1
koriki,4
kortirion_osgiliath,0
kriestla,0
krpiper,2
krushmatic,0
kryptonian_knight,0
kshaw1125,1
ksj,5
ksnides,1
kstryker,3
ktpvp,4
kukukajoonurse,2
kullus,1
kwaththeraven,0
kwmwtaj,0
kyak12,0
kylawls,1
kylenobel,0
kyokoc,1
kyraxxxlynn,0
kyrobs,0
l0serl0ve7,3
laceyisreallyrad,3
lady_deirdra83,0
ladybugstar28,0
ladydontmine,0
ladyluck04,1
ladyluck1984,1
ladyoftime123,0
landg,0
lastmonth,3
latenightartist,1
laurenashley91,1
lawlessk,0
lawliver,2
lawyerman13,0
laydee,0
ldiabl0530,1
leadflanders,0
leangle,0
learn2beabum,0
leddmtsu,2
leena1004,2
leetdood,0
legitttz,3
lemonassassin,1
lemonl1m3,1
letroller,1
letyourbeautyunfold,3
leutroyal,2
lewright,0
lexifus,1
lhelmka,1
liberalartsguy,0
liberalwhackjob,0
likeabaw5,1
likestartups,0
lilMrsSunshine,1
lilhorn,3
lilysnape,1
limits55555,3
linda011,7
linfanapo,2
linford86,1
linkinwisdom,1
linuxauditor,1
lioness7,1
lisad33611,0
lisagal321,2
lisechen,1
littelbro14,1
little_twerp,0
littlemisspixie,2
live4jesus,3
lives2cream,2
livingdub,0
livingincali,1
llamallanallama,0
lll111lll,1
llo64,0
lmao_ze_dong,0
loadedtomcat,4
lobad,0
logan101,5
loganlulz,1
logueadam,0
lolo91187,0
lonesomeky,3
longlive_yossarian,2
loofkid,1
lookinatthegoodside,1
looksfine,0
loonybhatia,0
loriann14,1
loser_,4
losermedia,2
lostincollege,0
love2fap,1
love4mydaughter,1
lovelylady502,2
lovelythots,1
lovingdad1982,0
lovly22,0
lowcountrylurker,0
lrm102195,2
lrruben,1
lucette_van,0
luckilymynameisanon,1
lucky32,1
luckydoo,1
luhhhren,3
luiseuc,1
lukamako,0
lukecage43,1
lukiee,3
luluwinchestah,1
lulz1337,3
lunbicaijiao,1
lunchbox4_20,1
lurchman,2
lurklurklurkwonder,1
luv276,1
lynzee,1
m0llyj,0
m4ngo,3
m4nu,1
m_chamberlin,1
maaanda,1
maasaw,1
macdrai,0
macredsun,2
madamthefifth,1
maddexx,2
maddiepatties,1
madigascar,4
madkiro101,0
magesquishy,0
magneteye,1
magusg,1
maigotsohongry,1
makemyanniversary,1
maliedoo,0
mamacat68,0
mamaof1,0
mamatofour,0
mandahugandkis,1
mandyyyy040,2
manwith13uses,0
maohaze,0
maqkathy,2
marco8_goal,0
mariorising,1
markthis,1
marlark,0
marsolo16,1
mary1993,2
master_commander,0
mastermodr94,2
matcauthion,1
mathewryan,0
matthewcj03,2
matthewscottcollins,2
mattmatty21,0
mattrollz,0
mattryanharris,1
matty509,2
maudib666,0
mauvetock,2
maybesproutwings,0
mayx,3
mcFLOW,0
mcavopol,1
mcchick,2
mcdxi11,0
mcj614,1
mckinsa,2
mclovinsauce,0
mcollins999,3
mcsquar3d,0
mdax8414,1
mdterrapins,2
meSoLame,1
meanstreaklarry,3
meatbawlofdoom,0
medelyman,2
medic216,1
mediocrist,1
meehan117,0
meeu,4
megthegreatone,2
melancholymaze,0
meljwitz,2
mellomeh,3
mellytorado,1
menehan,1
meonhere,1
meowmeowkiki,1
mercmaid,2
mhallgren5,2
mhbelfry,0
micabebecca,1
micahville,1
michael1223,0
michaelarm987,1
michel34,2
microlotus,1
microsoft301,2
midnightwalrus,2
mightiestMouse,3
mightiestmouse2003,0
mike7260s,2
mikedante2011,0
mikepence,1
mikesam37,2
milk_a_wat,3
milkysky,1
millsman163,1
milota,0
mimic42100,0
mindfragment,0
mindlesscervantes,2
mindy2013,1
minimallyeschew,3
minirocker56,1
mintty92,0
mirlonger,1
misslindsayv,0
misstrace,2
missyx,1
mistakebythecake,1
misterbuckets,0
misterradon,2
mistressbliss,1
misty63,2
mitchellmm02,2
mj052506,2
mj1176,1
mkeene91101,0
mlw4428,0
mmb2ba,3
mmc21,1
mneal,0
mo578135,1
moderator000,0
mojo4460,1
moldy_fingers,1
mollymcbutter1,3
mollymoosesays,2
molyns,1
mommyof2babyboys,2
mommyof42011,0
momof2inms,0
momto4boys84,2
monkey1987,0
monkeyman947,0
monkeysnarls,2
monkeytits,0
monolisa,1
monsterunderthebed,1
moocoo1,0
moogle516,2
moomilkmon,0
moomoo420,2
moondisyko,1
moonkistforlife,2
moonsockets,0
moontanned,1
moosemorse,0
moralityboy,0
morose_,0
mosephk,1
motob751,0
mowwy,2
mr_muzzy,0
mrarthursimon,1
mrbigfun,1
mrefvem,3
mrex2,1
mrgreeny,0
mrhorror,1
mrpoolman,0
mrroflpwn,0
mrshll,1
mrskimchi,2
mrslowloris,0
mrsslowloris,2
ms_cole19,0
msmisfit138,7
msnicecat,1
msparadoxical,1
mthoms3746,0
mtrumantigeru,0
muchohungry,1
muddyh2o,1
muffinmania583,1
muffunz13,0
mumblethesilent,1
mumphster,1
mx5miata,0
mydogfinnigan,1
mynameisyoko,0
mzprice23,2
nOoN3s,4
n_pazz_420,1
name_with_a_y,0
namebrand,1
nancy_raygun,1
nancynaturally,2
nannox3,0
napaan,2
narwhall,1
natemendel,0
naymlis,2
nbgryusan,1
ncktwt,1
nectarprotector,1
neesey5150,1
neirad,0
nekosune,0
neo1616,0
nephiroth,0
nerdalicious85,5
nerdbaitplus3,1
nerdy_and_nice,2
netizenbane,1
nevermind924,0
nevertoo,0
newredditer2011,0
newstart101,0
nferguson98,0
nguyengiaan,0
nhcollegechic,2
nicholsml,3
nickgenova,1
nickstatus,3
nickx37,1
nickylvst,0
nicolerhoades,2
nicolslaw,1
nicosalakar,0
nightlily,0
nightynite,0
niigakimari,1
niqabi,1
nis42,1
niyou77,1
njankowski,0
njdevils2626,1
noflag,0
noirefeeling,0
nom-de-reddit,0
nomewe,2
nomorestumbling,1
nomyourheartout,2
noobatronz,2
noperfectplace,4
normallythere,0
norromin,3
northcoast_lady,2
nosense616,1
not-doing-hw,0
notBrit,4
notandrea,2
notanothercirclejerk,1
notions2011,0
nottsoathletic,1
nsobleski,0
nurse2067,0
nutri-matic,0
nyan_kitty1024,0
nyanking,1
oconnell1103,0
ocpmbrat,2
octopolous,0
oh1berlin,0
ohem,2
ohmytvc15,1
ohsocleverhuh,0
ohwouldntitbenice,1
okiegirl,2
old_journal,6
omegawoot,4
omfgtom,3
omgitsthepast,0
omglazers,7
omyhotlibertineson,2
onbrkenwings,4
onecanwish,2
oneironautalis,1
onewhosighs,0
onionsforeyes,0
oops_crash,1
opgumby,1
oprx,0
opticbit,1
or_me_bender,1
oracular_,0
orange_lotus,1
oranges_are_tasty,2
ornascien,1
orphenshadow,0
oscar8430,0
outlawadidas,2
overindulgent,0
overs33r,0
owmyjoints,1
p0ns,9
pacmanfloataway,5
pacreams,0
pacweebles,0
paczkitten,0
paisleyswift,0
pandapat,1
pandarawr,3
panicbomb44,1
papa_mog,0
papillae,2
parkerxo,2
partychu,0
partytimeusa420,1
pasano54,0
passiton1,1
patmagic,1
paularisingopinion,1
paultagonist,1
paypal4za,1
paztime,2
pbrigh,0
pbtechie,1
pcs2012,2
peavey269,7
peeringwound,1
peetzathrowaway,1
penguin9,5
peppermintsauce,0
perjunk,1
pfcvenus,1
pghguitar,0
phasecode,2
phatcat09,0
phelpsben,0
phenomenos,2
philipschall,1
phillysaxon,1
phobophobia,0
phosoup,0
photography444,2
phr3shcooki3s,2
phrozen1,0
phxmommy,1
pinkswan09,0
pinsandpearls,2
pipedreamexplosion,1
piranhagus,1
pizza991,2
pizzaforbartenders,1
pizzafun,0
pizzaluver,2
pizzathrowaway12314,1
pizzatroll69,1
plagel,2
playdoepete,1
pleasefeedme,1
plong0,2
pointy-duck-fart,0
pon_de_rring,1
pondy_,0
pooncartercash,2
poopdedoop,1
pootytang324,0
popopnoro,1
popota,1
pornoacc,1
portablefan,2
postfish,2
postulate5,1
potentialpizzapowers,0
potently-potable,0
poup_soup_boogie,2
poutina,0
powerbearden,1
preggers09,2
pregosaurusrex,6
preternaturous,0
prideisanindulgence,3
princessemily30,0
princesspentagon,2
proFRESHional,1
propertyoftim,0
prostetnicjeltz,1
psychedelicvelocity,1
puddems,0
puffinmaster86,2
pungellin,2
punk_lecture,0
puraasneira,1
purplebootyfox,1
purplefairy,1
purplepillowmonsters,0
purseon,0
pvrc,0
pwhiller,1
pwitt2,1
pwitty2,5
pyewacketcg,2
pyratus,0
pyrex222,0
pzero,0
qjb,1
quaintmercury,0
quakingandshaking,0
quantum14,1
quasarqueenz,0
queen_mcgina,2
queenofthesmileys,0
queersmut,1
quesaadia,0
questionthequestion,1
quidam08,1
quincy_c3,1
quinlan_wtf,1
quinncuatro,1
quistis1189,1
qwertyasdfg123456,0
qwertyuiop1024,0
r0ryfromNY,0
r0ss0me,0
r502692,1
raNraNs,2
raNraNskynet,0
rabidsi,0
rabitrabbit,0
rachc9,0
racheal1991,1
raddakatkat,0
radioboy,2
radium-v,1
radpitt,0
ragnarok927,1
raisinghope,1
ramenramenramenramen,3
ramynoodles,3
randomlychatspeople,0
randomnightfreedie,1
rarar,2
rareapplepie,0
raspberryblonde,1
rastafreaks,1
rastapasta808,1
rasungod0,0
raveneyes77,0
ravens52,0
rawdoglife,1
raydinn,3
raymendx,1
rayofsunshine1110,1
rbasov,2
rbwildcard,1
rckmomof2,1
rdarkslayer,2
rdigianni,1
rdjslittleslut,0
rdwing,2
re_mix,2
reagansquad,0
realbuddha,2
realizerealeyes,2
reallycouldusefood,1
reavercleaver,0
rebekkahkins,3
rebelwithkidz,0
rectumranger,0
red_lambda,2
redcoffecup,0
redditchulous,1
redditiculousness,1
redditluvr11,0
redditor_13,1
redfordjay,1
redrum1140,1
reginaldKRAY,1
relentlessrobot,1
replicasex,0
requiredreading11,0
rerodinohunter,0
retshalgo,2
revant54,3
rgundran87,0
rhajing,2
rhiesa,2
rhiz0me,3
rhubey,1
rhys91,1
rhythmmlove,0
ricecake23,1
ricesock,3
richierich925,0
rico2992,3
ridiculous_questions,1
ridingthewahmbulance,3
rido98,1
rightdeadzed,1
rikkums,0
ringokid,1
rinnanine,1
riob3,1
rituyen,0
riverfrontmom,0
rjhomer,2
rken3824,1
rkinghrsppl,0
rnelso23,0
roachellie81,0
roaringbobcats,0
robbbbbbbbbbbb,1
robeth,6
robmpulse,1
robotbuttsex,1
robsawesum,1
roccala,4
rockacessor,2
rockstarlove2009,0
roflrad,0
roguediamond,1
rojojojo,1
ronkhalifa,1
ronsbigwig,0
roobacca,1
rootrhythm,1
rorysmom1,1
rosaliezom,0
ross5781,1
rottenramen,1
roughdiamonds,1
roxie1127,0
royalalez,4
rozap,2
rpivonka,1
rshepa1555,2
rth182,3
rubenik,3
runningonnubs,0
rushfan801,0
russian2013,0
russxbox,0
rx7dude,4
ryancarpenter,0
ryandury,3
ryangraves,1
ryansmommy,2
ryanvoyles1,1
ryoshi,2
ryukatsusei,0
s0nicfreak,0
sabresandbills,2
sae223,1
safari253,2
sahraehmmz,0
salmonerd202,1
sam6374,2
sam678,1
samandthewhale,0
sammac,2
sammy1990,2
samtastic2,2
samuraisports37,3
samw3d,0
samwisevimes,2
sanctusnirvana,3
sandmyth,3
sandrasko2,0
sandyholly3,0
sandysamom,5
sapzilla,1
sarah5121,0
sarahh83,1
sarancape,2
sarascientaster,0
sarawoof,1
sariahsara,4
saskatoonhobo,2
sault1988,0
savemebarryyy,1
saveonesavetheworld,1
sayzar,0
sbirche,2
scaireejack,0
scapplua,2
scared_of_dad,1
scarlettenoir,3
scarymonsters85,3
scbryant,2
scebm92,1
scissormonkey,0
scoobydo0,1
screaminginpussy,0
scumbagbrainy,1
sdritchie,0
sds554,0
sdwrage,1
seaLclubbeR11,2
seabass86,1
sean1986,1
seanbyram,1
seanterry7,0
selbeh,2
selfabortion,10
senior2012,4
serenalunarose,2
sergeantbadasses,1
seriouslyhungry,1
sesameeyes,0
setcountzero,0
sexpotato,1
sfp5005,2
sgasph,1
shaboingdezzleknock,0
shaggyhair,1
shameaway,1
shanemeh,2
sharpenup,0
shavingourbeards,0
shawshank3d,3
sheenobu,2
sheik790,0
shellsbell,2
shhkari,0
shhmile,1
shinefire,2
shini32,0
shinnjr,0
shittyTaco,3
shiv3rz,1
shizanski,0
shmily16,2
shmuelb,0
shnn1984,1
shufflingmulligan,0
siberian_whistle,2
sicilianhotdog,2
sickoframen,2
sierra217,0
sifon187,5
sillysouthgal,1
silver0a1,1
silverpixiefly,1
silvery_silver,4
silverzone,1
simplyashley21,0
simplynox,0
sincerelymoi,1
singlemommyof1,2
siochain09,1
sir_scotch,1
sir_walter,2
sirmxe,0
sirwillis,1
sissy1984,0
sister4sale,0
sitosanta,0
sizlo,1
skinpeels,1
skins21,0
skirtgirlie,0
sknabc,1
skyholmes,1
skys_hubby,1
slagathor51,3
slarson802,2
slartbarg,0
slaughterhouse6,0
slayer_of_potatoes,4
sleazyrider,0
slipnslide91,1
sloecks,0
slomotion,2
smartsoldier,0
smechile,1
smewoo,0
smileyjeanx3,0
smokeey,1
smokeydesperado,1
smonz3,1
smsaint,0
smun92,1
snappergk,0
snellvillemelvin,0
snicketorticket,2
snicklefrizz,0
sniperjohn,0
sniperlotte,1
sno0py_girl,1
soad3821,1
soapbarrace,1
socialclash,1
sock-em-boppers,0
socomnvy,1
sofkt,0
soggyperson,0
sol-,2
some_weird_guy,0
somedude010,1
somporn,1
sonichedghog,4
sophyphi,2
soreadyourbooks,13
soy__juan,0
spacedout83,2
spacemao,3
spacierharbor,0
spaghetties,1
sparklejackie,3
spatimouth01,1
spazmodial,2
spazmonkey1565,0
spazure,0
sphygmoman,1
spineapples,0
splashdamage,0
splott,1
spoon2bigg,0
spriley,2
springwood,1
sprocketcraft,1
sprokket,0
spunX44,0
sputnik_,2
sqeak,1
squeeky2,2
squidpotato,1
squirrelyMAPLE,1
stagecoach_jay,2
staglord,2
starboardbow,0
stardled,1
starfleetofficer,0
starlight03,2
starshyne83,0
startrekdentist,1
starvedin,1
starvingglassblower,1
starvingintn,2
starwynd43,2
stationhollow,2
steamboatdavey,0
steamwolf90,1
steezy1,2
stefanie_k,5
stephen_stills,1
sterfried,1
stesal,2
stevenflerl,1
stifflerkatie,1
stinkinlikerehats88,1
stonerd,1
stonerninja,1
stordoff,2
stormtide311,0
straightphag,0
straitodenim,1
strawber,0
strawberrykiwi1992,1
streetmanjoe,0
stretch_harmstrong,1
strictlycomeprancing,1
strif3,1
strikeralley,1
strugglingtogetby,0
stuckINokc,1
studentneedingnoms,2
stupidfrikkenthrwawy,3
suarezi93,0
subot,3
suckstobepeople,0
suckyswimmer,1
sugardrop,2
sunchow,2
supergamerz,1
superherobeasley,0
superman19703,0
supershwee,1
superthrust,0
supertigger,1
surfingservants,0
sushisamurai90,0
suzed,0
swade22789,1
swanson3775,0
swanthewarchief,0
swdpwnzdggr,1
sweetcherry88,4
sweetdaisy,1
sweetluc,0
swiftlessons,4
swimfast111,1
switzx,0
swoledawg,1
syn1734,0
sysadminwatdo,0
tOki_Sori,0
t__mhjr,1
tacodad,1
take7steps,1
take_and_toss,1
take_me_home_tonight,0
tangerinerind,0
tanrans,2
taosk8r,1
tapatilo,0
tapedeckghost,3
taransean,3
targetpi,1
tarheelghost,0
tasha0615,0
tastychicken,1
taterpot,1
taxidermi,1
tbfallout,1
tbone711,0
td117,3
teacherstudent,0
tealie13,3
tehbo0tab3gga,0
tehjeff,1
tehlolredditor,0
tekn04,0
telepathetic_monkey,1
tenaciouszep,1
tethercat,9
textish,2
thablackphoenix,1
thadlozen,1
that-one-bear,0
that_guy_who_shops,0
that_seattle_blue,0
thatkidmax,1
thatonejoychick,2
thatprettichick,2
thatwholurks,3
thcidiot,0
the2ndtolastunicorn,0
theLBD,1
theRealFattyJ,0
theSubliminalist,3
the_hedgemon,1
the_pawl,1
the_real_davenull,4
the_sweetest_fetus,2
the_viper,2
theanimator88,0
theassassinTC,3
thebarrelmonkey,1
thebluesharpie,0
thebraus,4
thechameleonnn,2
thechoop,0
theclosetwriter,2
thedirtdog,0
thedragbible,0
thedragslay,0
theduke1204,1
thefakeanthonyscott,0
thefatgod,0
thefeesh,0
thefireballkid,2
thefirstjoe,1
theflyhomie,0
thegreatcanadianehp,0
thehorrorchord,0
thehungrythrowaway,2
thehusko,1
thejollytramp,1
thelastbandito,0
theloneliestgeek,1
thelwynn,2
themanifold,2
thenerdal,0
thenewguy729,1
thenewnum2,0
thenikmarr,2
theoneandonlynox,2
theonemankliq,1
thepinkyoohoo,1
thepiranha,1
therealcraxy,0
theresaneyeinmesoup,1
theriddler41,0
theserpentsmiles,1
theshizle,1
thesuperrad,0
thetruefrozn,0
theverybestusername,3
thevillagekid,1
thewisestwise,0
this-is-my-design,0
thiscnidocyte,2
thisisentertainment,0
thisisvienna,0
thm09,1
thomrobb,1
thought_i_hADDhERALL,1
threwahway,0
throw81204,3
throwaway-___,2
throwaway0751,2
throwaway121518,0
throwaway619,1
throwaway_father,3
throwawaybfaccount,1
throwawaythisjune,2
throwitalloutfriends,0
throwthisfuckaway,1
thrutheforest,0
thunderbolt72799,1
thunderpcats,0
thursdaye,2
ticklemehoho,1
ticklesoda,1
tieks0,1
tiger_lily87,0
tigerregjoe,0
tigressstar,2
tiki456,0
timefornothing,0
timhernandez,0
timorousme,0
tincanweeekly,4
tjk2795,2
tkpower,0
tlomuw1,1
tobygee,1
tofaraway4u2hold,0
tomK1983,0
tommybrohama,4
tommygunner91,1
tonyac84,4
tooembarassedplshelp,0
toolland,3
tophatmcquack,0
topodan,1
tortnotes,3
totallybroke,1
tpb01,0
treebot,0
treepage,1
trees_and_waffles,1
trickedoutdavid,0
triemers,2
trislerb,0
trixner,1
troj4nk1ng,0
troll_fail,1
troyroyroy,1
truegreenarmy,0
truesauce,0
tshinotu145,0
tspike,2
tsuto,1
ttwwrrss,0
tummytune,5
turbojuice,0
turfguytx,2
tvk4486,2
tvrmoil,1
twfl,0
twometerventshaft,1
twopoorstonerchicks,1
twosoon22,0
txn9,1
tyalah,1
tyman1180,1
tysmommy0831,1
ubertuba,1
ughmothers,0
umngirl,1
uncamad,0
unclejim22,0
uncomfortable_pillow,0
unfinator,4
unforgiving_cake,1
unibody,0
unkinhead,1
unluckyfortheholiday,1
unluckyguy2_0,1
uptownpatti,4
urasandwich,3
urbancollegekid,0
usctrojangirl,4
usftampa,2
vCarbonix,1
vaderssoliloquies,2
valdes10163,1
valoraeon,1
vamosj,0
vampyromorph,1
vanessavanessanessa,3
vanman33,2
vbran601,0
veertamizhan,1
velvetcrayon,1
verygenericusername,0
veterinarygopher,2
vethan,1
vfquaked,2
vi1987,6
vickisam,0
villageidiot1991,0
violalala,1
viperansty,5
visionaryrabbit,1
visivopro,1
visvires,2
vivi767,1
vizvanz,0
vodoman123,0
vonnemutt,1
vonswain,3
vpal,3
vrane,0
vveksuvarna,1
w0mpw0mp,1
wadeabaldwin,0
waffletoast,3
waitingforthehail,2
waldotherogue,0
waltersworldwide,1
wandlore,0
wantonviolins,0
warchamp7,1
warzero,1
washyourfruit,0
wasp2356,0
wastingawayinGA,1
watchitfall,0
watchtowerwolf,0
watchwatch99,1
waterbomb,2
watsoned,1
waycheck,1
wdouglas37,1
weasler,1
wecandoit1,1
weedandmountaindew,1
weerdio,3
weloveheidi,0
wenchers13,2
wendetta,2
wendybyrdie,1
westpfelia,1
whasittoya,3
what_the_heil,0
whatalaymedown,1
whatdoido101010,0
whatisajewanyway,1
whattodo22789,2
whoopdippitydooda,1
whosthat,5
whowriter,2
wiat09,0
wickawickawatts,4
wickedspork,2
wilbur2010,0
willendorfmedia,1
williamspam91,1
willowroad,0
windozxpert,2
winfred,0
wingal,1
withbrolafsaxe,3
witty_or_not_here,2
wittyusername1987,1
wiz3n,1
wjames88,1
wnbaloll,0
wolfbuzz,2
wolin018,0
wonderdog17,0
wonkizzle,4
woolah,2
works0fheart,1
woyervunit,1
wtfmercedes,0
wtfosaurus,0
wuu,1
x777x777x,1
xAbaddon,0
xCJRx,0
xEONx,0
xEverglowx,1
xIndirect,0
xLaForge,2
xPostScriptx,1
xPsalms,1
xSquires,0
xTanGuy,2
xX_Jon_Boehner_Xx,3
xZack,1
xainthelimit,3
xjems,0
xl_Ruthless_lx,0
xlude22x,3
xobeckaxo1,1
xoyie,1
xpainisweaknessx,1
xtenext,1
xuryfluous,0
xvaquilavx,0
xxrocksteadyxx,1
xyz66,0
xyzzxzzyx,1
yackie,1
yall_weird,1
yampuffs,1
yarco,1
yarnto,5
yawnlikeyoumeanit,1
yellowsubtab,0
yhwksa,4
yixing,1
yohek1301,1
yoloisharam,0
youareadouchebag2,1
youngdirty,2
youre-a-cat-gatter,2
yourlilcowgirl,1
yourmother-athon,0
ysberk,0
yummyfrenchfry,0
yun-,0
yungbroccoli,1
yupitsaslie,0
zachthesquid,2
zahidraja,1
zaiden911,0
zanthoroctu,1
zedoktar,0
zeeksandroid,3
zemily,0
zephris,4
zerocoal,0
zerodymeu,3
zeromodulo,0
zerovalue0,1
zerust,2
ziggymilson,0
zikus,2
zimpirate,1
zombiehannah,2
zombisaurusrex,1
zomboi,0
zooey_roses,1
zpoehlein12,0
zqxwcevrbt,1
zratz3171,0
ztfreeman,0
zuggle,5
