-Magitek-Armor-,0.0
-censored-,0.0
-idk,0.0
-notagirl-,0.0
0b4m4,0.0
0bi,0.0
0sseus,0.0
122david,0.0
124418609219,0.0
1369ic,0.0
13853211,0.0
1981sdp,0.0
1WithTheUniverse,0.0
1level1,0.0
1n_my_opinion,0.0
1stGenRex,0.0
1st_account_i_swear,0.0
20TL12III,0.0
20greenshades,0.0
27thPW,0.0
2Ashamed2UseMyNam,0.0
2days,0.0
2k0,0.0
3-17-12,0.0
303win,0.0
3Taylors,0.0
3daughters2dogs1cat,0.0
3kris08,0.0
3littlegrems,0.0
3ll3,0.0
3loodwolf117,0.0
3scher,0.0
3xdot_3xdash_3xdot,0.0
4004,0.0
4215,0.0
4Rings,0.0
4amloco,0.0
4northftw,0.0
4on_the_floor,0.0
4xCharmed,0.0
4xmasbro,0.0
5288299,0.0
5hawnking5,0.0
604nucks,0.0
65daysofstatic,0.0
6995,0.0
6regmcc,0.0
6whiteboomers,0.0
8245a,0.0
87Eric,0.0
883iron,0.0
8bitd1ck,0.0
8serene8,0.0
95DC2,0.0
98Toyota4Runner,0.0
A-random-redditor85,0.0
A1ch3myst,0.0
A5M,0.0
AFuddyDuddy,0.0
AH_Cheb,0.0
AHungryPerson,0.0
AMAgiraffe,0.0
AMcMahon1,0.0
APICTUREOFAWHALE,0.0
APPAC,0.0
ARoguePumpkin,0.0
ARottenApple,0.0
ATC93,0.0
ATwoms,0.0
AVW,0.0
A_Heretic,0.0
A_Mouse_In_Da_House,0.0
A_RUDE_CAT,0.0
Aaron215,0.0
AaronAcousticide,0.0
Abbie82,0.0
Abiding_Lebowski,0.0
AboveTheClouds402,0.0
AboveYou5280,0.0
AbraxianAeon,0.0
AbstractCelebrity,0.0
Aceavia,0.0
AcousticHockey,0.0
Adaekor,0.0
Adakkar,0.0
Adamman62,0.0
Addison87,0.0
AdmiralQuackbar,0.0
Admiral_Sjo,0.0
AeroCrazed92,0.0
AgainstClint,0.0
AgentCodySpanks,0.0
AggieTimber,0.0
Aidanmcn,0.0
AidenMD,0.0
AistoBasBistoC,0.0
Aithyne,0.0
Alacar,0.0
AlanShinkar,0.0
Alan_The_Argonian,0.0
AlaricV,0.0
Alecohol,0.0
Alejandrar3,0.0
Alex_Pike,0.0
Alicia_deaun,0.0
Alien_Powered,0.0
Alienkid,0.0
AllSkrewedUp,0.0
Allen4083,0.0
Alliery,0.0
Alokiya,0.0
AlphaTJH,0.0
AlphakirA,0.0
Alt948328549,0.0
Alvraen,0.0
AlyssaAndrew7,0.0
AmSoLonely,0.0
Ambie79109,0.0
Ameerrante,0.0
Amhuffaker,0.0
Ammo333,0.0
Ampix0,0.0
AnAnimal,0.0
AnErinWithAnE,0.0
AnInquiringMind,0.0
AnOrangeGent,0.0
Anagove,0.0
AndIshouldcare,0.0
AndreaAmazing,0.0
AndrewMufasaaaa,0.0
AndrewTindall,0.0
AndroidAR,0.0
Andthatguy,0.0
Anduh,0.1651
AndyVale,0.0
Angiowhiz1,0.0
Angusthe2nd,0.0
AniBastion,0.0
Aniolla,0.0
Annabelise,0.0
Anneal,0.0
Annieone23,0.0
Annoying_Beast,0.0
Another_by_Gin,0.0
Antabaka,0.0
Antarix,0.0
Antiwar247,0.0
Apicalmeristem,0.0
Apollinaire131,0.0
AppPie,0.0
Appletwist,0.0
Aquintesce,0.0
Aracnel,0.0
Aragog,0.0
Araiebowhi,0.0
Aramus1975,0.0
ArcadiaBailey,0.0
Arcath_,0.0
AreYouReadyToReddit,0.0
ArfurTrollington,0.0
Aridane,0.0
Arielion,0.0
Arkanicus,0.0
Arkanoid0,0.0
ArmedSnobbery,0.0
Armouredblood,0.0
Armyofthe12monkeys,0.0
Art1san,0.0
Article48,0.0
ArtofStu,0.0
Arturos,0.0
Artwithoutartists,0.0
ArugulaDeathSmash,0.0
Aryada,0.0
AshamedForDoingThis,0.0
Asher123498,0.0
Ashlee418,0.0
Asiapandemic,0.0
Ask_Me_About_My_Pie,0.0
AsmaJones,0.0
Asswater_Discoteca,0.0
Astridfrog,0.0
Astrogliide,0.0
AtLaRkEeAnD_Y,0.0
Athardude,0.0
AtheistAgnostic,0.0
AttractiveMeat,0.0
Aultra,0.0
Auntiechick00,0.0
AustinPlease,0.0
Austonian87,0.0
AutoModerator,0.0
AvatarMajere,0.0
Awake00,0.0
Awarewolf2,0.0
AwhMan,0.0
AyMiles,0.0
Ayzh,0.0
AzA__,0.0
Azc1,0.0
Azilmak,0.0
B-A-Cchante,0.0
BARACKA_FLACKA,0.0
BARON_OF_BACON,0.0
BBDB282,0.0
BGoodRBCareful,0.0
BMcFall07,0.0
BOBBmmmmmm,0.0
BOTW,0.0
BTT2,0.0
BabaGurGur,0.0
BachatusPrime,0.0
Bacong,0.0
Bag_of_Ducks,0.0
BaggedTaco,0.0
Bakesail,0.0
BallerinaBonzai,0.0
BamBam-BamBam,0.0
Bambilla,0.0
BammelHouston,0.0
BangosSkank,0.0
Baptise,0.0
BarelyNerdy,0.0
Barry_McCocener,0.0
BatMasterson5,0.0
BatchIntoGear,0.0
BawbGnarles,0.0
Bearaidz,0.0
Bearjewbacca,0.0
Beastybarnes21,0.0
Beatlejuice1661,0.0
BeautyBalls,0.0
Beccadex,0.0
BedBandit,0.0
BehindaLensinBigSky,0.0
Bellicose_Engineer,0.2465
Bellsie,0.0
Belumes,0.1736
BestUndecided,0.0
BetnyRoseBud,0.0
Bhockzer,0.0
Bi_pride13,0.0
BibleBeltAtheist,0.0
Big-ass-titties,0.0
BigBadDog,0.0
BigBoss722,0.0
BigDaddyLurker,0.0
BigNeecs,0.0
BigPlunk,0.0
Big_Easy42,0.0
Bionic0n3,0.0
BisFitty,0.0
Bittertim,0.0
BlackLabel2021,0.0
BlackLeatherRain,0.0
Black_Floyd47,0.0
Black_Lace_and_Butts,0.0
BlackberryCheese,0.0
Blackmere,0.0
BlaineMissouri,0.0
BlakeYo,0.0
Blandfrw,0.0
BlassyBlas,0.0
Blastdouble59,0.0
BlazikenTrees,0.0
BlissIt,0.0
Blissfully,0.0
Blly509,0.0
BlondeMoments,0.0
Blonde_Moments,0.0
BlueDrank01,0.0
BlueLightDistrict,0.0
BlueVerse,0.0
Blue_Falcon_,0.0
Bluelabel,0.0
BmxerBarbra,0.0
Bnutnative,0.0
BoSolaris,0.0
Boatzilla22,0.0
BobeHarvard,0.0
Bobwayne17,0.0
Bodybombs,0.0
BoiledEggs,0.0
Bolkonski,0.0
Bomani_Jones,0.0
BombTheDodongos,0.0
BonedbyPaypal,0.0
Bonkotsu89,0.0
BoobJank,0.0
BoopysRevenge,0.0
BoredDellTechnician,0.0
BoredMind,0.0
Botanicare,0.0
Bottleman,0.0
Bowserscastle1234567,0.0
Boxingcats,0.0
BoyofHIIIGGGHH,0.0
Brabbit12345,0.0
Brabinto,0.0
Brainzz,0.0
Bread_and_Bones,0.0
BreakGlassRevolution,0.0
BreckensMama,0.0
BrendanDlay,0.0
BrickHardcheese,0.0
Bridgetonarnia,0.0
BrilliantBen,0.0
BritishEnglishPolice,0.0
Brizzwold,0.0
Brokemans_throwaway,0.0
Brome82,0.0
Bronans,0.0
Brototo,0.0
BruinGrad,0.0
Brunomars14,0.0
Bryan63,0.0
Buckfutters,0.0
Buffatron,0.0
BugsBunnysCouch,0.0
Buju3000,0.0
Bukowskaii,0.0
BumBeetle,0.0
Bumblescump45,0.0
BunnyShuffles,0.0
BurritoDevice,0.0
BurritoVonBean,0.0
CBV,0.0
CDThornborrow,0.0
CJayhawk,0.0
CLU7CH,0.0
CMDRtweak,0.0
CMiles123,0.0
CPKsJimboslice,0.0
CSULBHistoryStudent,0.0
CUTIEJUDY,0.0
CXLVII,0.0
Cabe6403,0.0
Cablefist,0.0
Cael87,0.2531
Caffeinewriter,0.0
CaladanBrood23,0.0
CaliConnection,0.0
CaliToast,0.0
Calientepocket1,0.0
CallMeLorenzo,0.0
CallofTraviss,0.0
CalmRoc,0.0
CalumSult,0.0
Calv1nrox,0.0
CalvinW,0.0
CamJ26,0.0
Caminyx,0.0
CamoHiddenDJ,0.0
CandleEnds,0.0
Candlejac88,0.0
CannabisCorpse,0.0
Cannon49,0.0
Canzary,0.0
CapricaSix66,0.0
CaptBeeFart,0.0
CaptJames,0.0
CaptJordi,0.0
CaptMayer,0.0
CaptainFuckingPlanet,0.0
Captain_McAsshole,0.0
Cardboardpoops,0.0
CarefreeCG,0.0
Caremid,0.0
CarpCarter,0.0
CarpeKitty,0.0
Casstraitor,0.0
CatLover91,0.0
CatManDontDo,0.0
CatchMeImFallin,0.0
CatnipCotters,0.0
Cats2011,0.0
Causeimgb,0.0
Cawkii,0.0
Cawstewow,0.0
CayucosKid,0.0
Ccyoung,0.0
Cdtco,0.0
CeleryMonster,0.0
ChadOcho87,0.0
ChainsawPolice,0.0
ChanceMercy,0.1706
ChanimalCrackers,0.0
CharBrar,0.0
CharleneParlene,0.0
CharlieWhoop,0.0
Chempy,0.0
Cherribomb,0.0
Chevy000,0.0
Chewsti,0.0
ChiSpurger,0.0
Chimes61,0.0
Chiramongus,0.0
ChoCake,0.0
Chrisand11,0.0
Chrishamilton2007,0.0
Christouxphr,0.0
ChronicBoner,0.0
Chuck_Finnley,0.0
CitedAardvark9,0.0
Cjaxlyn,0.0
Classtoise,0.0
ClassyCreepyBastard,0.0
Clay792,0.0
Clayburn,0.0
Clemmmentine,0.0
ClemsonLaxer,0.0
ClintCHall,0.0
Clocktease,0.0
CloudDrunk,0.0
Cloverhart,0.0
Clownpounder2442,0.0
Cmartinez43,0.0
Cmdr_Taw,0.0
Cmyi87,0.0
Co0jq500080style,0.0
CoPRed,0.0
CoastieThaMostie,0.0
Cobalt-Spike,0.0
Cobrafeet,0.0
Cog_Sci_90,0.0
Coke0,0.0
ColLingusPoonhammer,0.0
Coldheat,0.0
ColinCancer,0.0
ColinFlolin,0.0
Collaterlie_Sisters,0.0
Colobos329,0.0
ColonCatastrophe,0.0
ColoredPencil,0.0
ComedicFailure,0.0
CommodorJuggles,0.0
CompletelyLurker,0.0
ComputersAreFun,0.0
ConansBeard,0.0
ConservativeVictory,0.0
Cookie_Waffles,0.0
Cooldude4real123,0.0
CoreeFrohman,0.0
CorgisaurusRex,0.0
CorpusCaveman,0.0
CosmoRealmer,0.0
Covenfather,0.0
Cowboylikeme,0.0
CptLeon,0.0
CptnKickass,0.0
CrackerEvan,0.0
CraigFL,0.0
Crapturret94,0.0
CrayonManQuestion,0.0
CrazyHey,0.0
Crazypenguine,0.0
CreepyCoyote,0.0
Creevildead,0.0
Cridec,0.0
Criminologist,0.0
Crochetniac,0.0
CrowingNevermore,0.0
Croxxie,0.0
Crusnik909,0.0
CrustyCrabbyLegs,0.0
CtSamurai,0.0
Cthomte,0.0
Cubcake,0.0
Cuboner,0.0
CupcakeFetish,0.0
CuzinVinny,0.0
CyanideBunneh,0.0
Cyberpoleece,0.0
Cyberpunk360,0.0
CyclingTom,0.0
Cyclops_lazy_laser_I,0.0
Cyn13ic,0.0
CyrusTheRed,0.0
DAYNA08,0.0
DCFKID12,0.0
DEStudent,0.0
DMLydian,0.0
DOMOxHAX,0.0
DTorakhan,0.0
DUCKS_PDX503,0.0
DaStampede,0.0
DaUsed,0.0
DaddyM,0.0
Daedalus256,0.1634
Dagdagger,0.0
DagsMcHung,0.0
DairyOnMyBoots,0.0
Dakftw,0.0
DallasAmigo,0.0
Dallas_Corbin,0.0
Dallasrenter,0.0
Damien_666,0.0
DammitChris,0.0
Dan_K_Industries,0.0
Danderson78,0.0
Danesthesia,0.0
DangerNGrayce,0.0
DangerQ,0.0
Dani779,0.0
Danimaltanimal,0.0
Danjanon,0.0
DankJack,0.0
Dankness_Himself,0.0
DannyJones,0.0
Danthemanbeast,0.0
DarcDiscordia,0.0
DarkStarSabre,0.0
Darkinu2011,0.0
Darklordsauron,0.0
Darksaber85,0.0
DarlingDestruction,0.0
DasRegalCag,0.0
DaveM1299,0.0
De3ertf0x,0.0
Deborah111111,0.0
Defrostmode,0.0
Dejashebases,0.0
DelStudent20,0.0
Deleccles,0.0
DenOfThieves,0.0
Dendo1,0.0
DenimTree,0.0
Denise65,0.0
Depinna,0.0
DerMetzgermeister,0.0
Der_Erlkonig,0.0
Derive1334,0.0
Descendingdove,0.0
DesireeAnn106610,0.0
DestroyAllWhoShow,0.0
Detached09,0.0
Deviankings,0.0
Devron_System,0.0
Dextrome92,0.0
Deyona,0.0
DiP203,0.0
DiamondAge,0.0
DickBaggins,0.0
DiegoTheGnome,0.0
Diego_UK,0.0
DietHoney,0.0
Different_Guy,0.0
Diggitred,0.0
Diggtionary,0.0
Digikid13,0.0
DigitalN,0.0
DigitalQuixote,0.0
Digital_Limbeck,0.0
DillingerDrummer,0.0
Diogo1522,0.0
DirectorArea51,0.0
DirtyDirtyPerverts,0.0
DirtyMcNasty,0.0
DirtyMosoeTaint,0.0
DirtyPresley,0.0
Dirtyplastix,0.0
DiscontentedFairy,0.0
DiscordanceAxis,0.0
DiscountPuppies,0.0
DisplacedLeprechaun,0.0
Divo,0.0
DizzyIzzyW,0.0
Dizzy_Desu,0.0
Djdude128,0.0
Dmurr6,0.0
DoIt2It,0.0
DocAtDuq,0.0
DoctorBaby,0.0
Doctor_Yi,0.0
Doctor_of_Recreation,0.0
Doctorelectricwisdom,0.0
DodongoDislikesSmoke,0.0
DoesntLikeChicken,0.0
Dogsnout,0.0
DollarSignBot,0.0
DomDomRevolution,0.0
Dominic49,0.0
DominicDom,0.0
Donitsu,0.0
DonkeyGraves,0.0
Donna3,0.0
Donna_Jean,0.0
Donotdrinkthewater,0.0
DontHateMasticate,0.0
DontLetUp,0.0
Dooky-chan,0.0
DoomedJanissary,0.0
Doomjelly,0.0
Doppeldeaner,0.0
DorthyMantooth,0.0
Doubleup,0.0
DougPatterson,0.0
DownSouthDread,0.0
Doxymom,0.0
DrBoobian,0.0
DrFeargood,0.0
DrKushnstein,0.0
DrPepperHelp,0.0
DrWonton,0.0
Dragon_Snapper,0.0
Dragoon0309,0.0
Dranai,0.0
DrawForFood,0.0
DrewBlood,0.0
DrewMac,0.0
DropoutCollective,0.0
DrosophiliaMaximus,0.0
Drshibby,0.0
Drunk_Uncle_Ted,0.0
DrunkmanDoodoo,0.0
Drynian,0.0
DuckMasterFlexxx,0.0
Dudronia,0.0
DuitseMusikant,0.0
DumbDumbFace,0.0
Dummkopfs,0.0
DundahMifflin,0.0
Dwg2003,0.0
Dynexxx,0.0
E5Less,0.0
EBITDA1,0.0
EDJE,0.0
EJSpurrell,0.1641
EVILemons,0.0
EauNoire,0.0
EavesdownDocks,0.0
Ecchi-Dono,0.0
Echelon64,0.0
Ecyg,0.0
EdforceONE,0.0
Edgar_A_Poe,0.0
Edgarthefish,0.0
Edifice_Complex,0.0
Egem14,0.0
Einarth,0.0
Eisbrecher,0.0
ElGruntox,0.0
ElMiguelEpps,0.0
ElTacoBravoDelNorte,0.0
Elaquidor,0.0
Elbobtheburrito,0.0
Elbonio,0.0
ElectronicSnailMail,0.0
Elemori,0.0
EliteMaster,0.0
Ellebean,0.0
Elleyena,0.0
ElvenAmerican,0.0
ElvisBTwo,0.0
EmeraldSupernova,0.0
Emiscudi,0.0
EmmaInk,0.0
EmmaMay,0.0
Emmaleep,0.0
Emostarcraft,0.0
EmperorXenu,0.0
EncounterJake,0.0
EngelbertHerpaderp,0.0
Enraged_Walrus,0.0
EntropicLife,0.0
EpicMuppet,0.0
Epicon3,0.0
Epoh,0.0
Erinpierce,0.0
Errchy,0.0
ErronSeth,0.0
EruLawliet,0.0
EsVachel,0.0
Escape92,0.0
Evermore,0.0
EverythingAnything,0.0
EvilCyborg10,0.0
Evolv3,0.0
Evthma,0.0
Ewalk,0.0
Exelus,0.0
Exposuree,0.0
Eye8urBurrito,0.0
EyeSpy_,0.0
Ezechiel1,0.0
F0xism,0.0
FPSalchemy,0.0
FRAGM3NT,0.0
Faaln,0.0
Fabulousfrostmage,0.0
Faerie_Wings,0.0
Fancy_Lad,0.0
Fapotheosis,0.0
FarKingCnut,0.0
Faroffhighways,0.0
FatStupidAmerican,0.0
FatherAzerun,0.0
FattyMagee,0.0
Fd657,0.0
FeSki,0.0
FearAndSickness,0.0
Fearlessjay,0.0
Fears2Phobias,0.0
Fedexed,0.0
FelonsHaveFriends,0.0
Fembotty,0.0
FemmeFeeTail,0.0
Fhanky,0.0
Fhoxx,0.0
Fiennes,0.0
FiltersRus,0.0
Findmodestanswer,0.0
FireBred,0.0
FireFoxMcCloud,0.0
Fish_Cheese,0.0
Fixergirl,0.0
FlailStorm,0.0
Flappah723,0.1669
Flessen0,0.0
Flimingow,0.0
Flion5001,0.0
Flippy02,0.0
Fluffhead1217,0.0
Fluzzarn,0.0
FlyYellowMoon,0.0
ForLoveOfHumanKind,0.0
ForTheBacon,0.0
Forever_Flaccid,0.0
ForrestISrunnin,0.0
ForteEX,0.0
Fortune417,0.0
FoxdieMercury,0.0
Fragex,0.0
FramingHips,0.0
FranceWinsWar,0.0
Francesca84,0.0
FrankMorris,0.0
FranklinFox,0.0
Frankto,0.0
FratriarchofMorgan,0.0
FreeThinkerLee,0.0
FrenchFry5725,0.0
FrequentHandWasher84,0.0
FreshCitrus,0.0
FreshCrabMEAT,0.0
Freshie86,0.0
FriedPorkchop,0.0
Friendly_Newfie,0.0
Fro_Daddy,0.0
Frostatine,0.0
Frostyra,0.0
Frubah,0.0
Fryulator,0.0
FuckSunshine,0.2545
FugKnuckles,0.0
Funkrocker,0.0
FurryPurp,0.0
FutureInanity,0.0
Futuredogwalker,0.0
Fuzzy_Pickles,0.0
Fwob,0.0
Fyrrian,0.0
FzzyWbls,0.0
G0ATLY,0.0
G0R3,0.0
G1oves,0.0
GAMA-GO,0.0
GIFRESPONSE,0.0
GLaPOS,0.0
GOP_WHIP,0.0
GO_GREEN_GO_WHITE,0.0
GSnow,0.0
GabrielNYC2012,0.0
Gadianton,0.0
GalloJD21,0.0
Gamble16,0.0
Gangrene,0.0
Garbanian,0.0
GaryCarver,0.0
GaryJ73167,0.0
Gatraz,0.0
Gayballs,0.0
GbobRunner,0.0
GenLloyd,0.0
GeneralRose,0.0
General_Fblthp,0.0
GenerallyClueless,0.0
GeorgeB115,0.0
Georgeh212,0.0
Gephoria,0.0
GermFreeCloth,0.0
GetDisowned,0.0
GetaPizza,0.0
Getintothegame,0.0
Ghettodream4US,0.0
GhostOfDonLaFontaine,0.0
GhostRider22,0.0
Giablu,0.0
GiantRustyAnchor,0.0
Gingaskunk,0.0
Gingerbreadmancan,0.0
Gingervitus,0.0
Gingy19,0.0
Glass_of_Milk,0.0
GlimpseOfReality,0.0
Glinda_Da_Good_Witch,0.0
Glioblaster,0.0
GlisteningDragon,0.0
GloriousPaperWait,0.0
GloriousPeanut,0.0
Glynny,0.0
GoingRogue,0.0
Gomazing,0.0
GoogleOpenLetter,0.0
Gov_RickPerry,0.0
GrapejuiceBros,0.0
Grayswandlr,0.0
Graywolves,0.0
Grazzette,0.0
Greendragon24,0.0
GriffGriff,0.0
GrimDeceiver,0.0
Grimfromsome,0.0
Grundy23,0.0
Grungymingo,0.0
Grwl,0.0
Guerrero22,0.0
GuiltEngine,0.0
GuinnessWithinUs,0.0
GuinniPig,0.0
Gundam14,0.0
GustavoFrings,0.0
H00ded,0.0
H24MD,0.0
HEYIMMAWOLF,0.0
HIGHer_ENTucation,0.0
HMPoweredMan,0.0
HOLATME,0.0
HOTMAMMA,0.0
HPROCKS,0.0
HadesSmiles,0.0
Hadouken2012,0.0
Hagane17,0.0
Hailtheres,0.0
HakeemOlajuwon,0.0
HalfKneegrow,0.0
Haljegh,0.0
HalpImACat,0.0
Halrenna,0.0
Hamburglary,0.0
Hammerhead3229,0.0
HannaJamesLee,0.3341
HardKoreHero,0.0
HardWorkingWoman,0.0
HarryBlotter,0.0
HavartiParty,0.0
HaveAMap,0.0
Hawaii_Prince,0.0
Hbaz09,0.0
Heard_That,0.0
Hectorthegreatone,0.0
Heflar,0.0
Heidy_Lo,0.0
HeisenbergWhitman,0.0
Hekain,0.0
Hekz,0.0
HelloFruitBat,0.0
HelloMarcOso,0.0
HelloUnderworld,0.0
HelpMePliz,0.0
Hepatitis_420,0.0
HerbyHancock,0.0
HereForTheHunt,0.0
HeresTheSitch,0.0
HermanoBluth,0.0
Hernandariguez,0.0
HeroboT,0.0
HerpdiDerbi,0.0
Hi_Im_yogibear,0.0
Hideaki02,0.1615
HigglyBumps,0.0
HipsterMonk,0.0
Hiredfinally,0.0
HisGreal,0.0
Hman07,0.0
HngrySunDevil,0.0
Hobbez,0.0
HobbytheWise,0.0
Holk23,0.0
Holy_Beard,0.0
Homiesunite,0.0
Honourandapenis,0.0
Hopeeternal,0.0
HorseIsHypnotist,0.0
Houseboy23,0.0
Hovdizzle,0.0
Hs_doc,0.0
HuggableBear,0.0
Hungry-Hippo-,0.0
Hungry4Pizza,0.0
Hungry89,0.0
HungryCollegeKid1,0.0
HungryCouple,0.0
Hungryindenver,0.0
Hungsolo08,0.0
HunniiBee,0.0
HunterWeapon,0.0
HurricaneIreneSucks,0.0
Hush399,0.0
Hybohead,0.0
Hypotetical_Snowmen,0.0
IAmAPterodactyl,0.0
IArePoor,0.0
IHSV_1855,0.0
IHaveARagingClue,0.0
IKeepsItReal,0.0
ILoveCookies55,0.0
ILoveFirefly,0.0
INeverGoToWork,0.0
ISKEELE,0.0
ISeeYouuu,0.0
IWantToBeAZombie,0.0
IWillBeatThis,0.0
I_Downvote_Faggots,0.0
I_FIST_BADGERS,0.0
I_Like_Wrestling,0.0
I_Miss,0.0
I_can_see_you,0.0
I_iz_hungry,0.0
I_know_that_movie,0.0
I_like_owls,0.0
I_post_stuff,0.0
I_raped-I_rape_cats,0.0
IamDa5id,0.0
IamNotaTruck,0.0
IamSeth,0.0
Ianrcampbell,0.0
Iboghmagy,0.0
Ibynk,0.0
IceCreamIsGood,0.0
IceK1ng,0.0
Iced_TeaFTW,0.0
Icometodrum,0.0
IdTugYourBoat,0.0
IdahoSucks,0.0
IdahoTrees77,0.0
Idem22,0.0
Idontsellcrack,0.0
Iduna13,0.0
Ikouze,0.0
IllyrianKiller,0.0
ImFromTheFutureYo,0.0
ImMakingWaffles,0.0
ImNormal25,0.0
ImissGA,0.0
Immediate_Reaction,0.0
Imnobloodylord,0.0
ImposterProfessorOak,0.0
Impreza91,0.0
Imsakidd,0.0
InNeedOfPizzaBad,0.0
InSidious425,0.0
InTheBay,0.0
IncogMotion,0.0
IndiePrincess,0.0
Inebb,0.0
Inherit,0.0
Instz,0.0
Invisllama,0.0
Ipreferbeerinacoozy,0.0
IrieHooper,0.0
Irishfanbuck,0.0
Irnbruguy,0.0
Ironswing,0.0
IrritableOwlSyndrome,0.0
IshallReadtoYou,0.0
Istonian,0.0
It_Happens_,0.0
ItismeHODOR,0.0
ItsAgreatday2bealive,0.0
ItsIoki,0.0
IttieBittie,0.0
ItzOlahBro,0.0
Iwearhats,0.0
IxaanBabe,0.0
J1389,0.0
JBVega,0.0
JC08,0.0
JDM_WAAAT,0.0
JGRIFF123,0.0
JHanleyRed,0.0
JPenta,0.0
JRBro,0.0
JRutterbush,0.0
JT803streetkarma,0.0
J_Justice,0.0
JaL19,0.0
JackKerdouc,0.0
Jack_Mason,0.0
Jackal115,0.0
JackkHammerr,0.0
Jackpot96,0.0
Jacky_t,0.0
JacobRyanD,0.0
JafarMayNeedGlasses,0.0
Jai_panda,0.0
JaimeVenegas,0.0
Jamator01,0.0
Jamber_Jamber,0.0
James1o1o,0.0
JamesChadThompson,0.0
JamesTurkey,0.0
Jamie_,0.0
Jamienumbers,0.0
Jamzicorn,0.0
Jankman01,0.0
Jason_Seagull,0.0
Jastha,0.0
JayStax,0.0
JazzClutchKick,0.0
JazzyMcNazz,0.0
JeanRalpheo,0.0
Jedimastert,0.0
JeepChick,0.0
Jeexyou,0.0
JeffRoyale,0.0
Jeihou,0.0
Jenmama,0.0
Jenna_Kitten,0.0
Jensmom50225,0.0
JessicaMaple,0.0
Jessiebobessy,0.0
JesusHRChrist,0.0
Jew_Pac,0.0
Jilleh-bean,0.0
JimboJimboSlicee,0.0
JimmyNinja89,0.0
Jindalunz,0.0
Jingolo,0.0
Jipepii,0.0
Jkinct,0.0
Jnorkett,0.0
JoblessCollegeKid,0.0
JoeF86,0.0
JoeGideon,0.0
Joeramos,0.0
JohnClaymore,0.0
JohnGalt1337,0.0
JohnSingularity,0.0
JohnWilkesTruth,0.0
JohnnyDude,0.0
JokoAndy,0.0
Jollyman,0.0
JonathanJN,0.0
Jonz00r,0.0
Jorion,0.0
JoshPhotoshop,0.0
JoshVester,0.0
Joshancy,0.0
Joshman1231,0.0
Joshybizzle,0.0
Juiceyp,0.0
JuicyBaconStrips,0.0
Jumbso,0.0
JustAnotherPagan,0.0
JustBlewMyLoad,0.0
JustGodlyEnough,0.0
JustWantSomePizza,0.0
JustaRatStory,0.0
Justlaughaboutit,0.0
Jx22,0.0
K-Dawgg,0.0
KB1101,0.0
KFCatz,0.0
KYLE-BROFLOSKI,0.0
KYgirl89,0.0
KYmommy216,0.0
KYmommy84,0.0
KYmommy87,0.0
Kaboose666,0.0
KadenTau,0.0
Kalicokitten,0.0
KamiKazilik,0.0
Kaozcore,0.0
Kargashi,0.0
Karter44,0.0
Karusune,0.0
Katat0nikRadi0,0.0
Kattattacks,0.0
Kayleemarie19,0.0
Kaysmommy,0.0
KazuJiin,0.0
Keefa101,0.0
KeeperofEncarta,0.0
Keevtara,0.1777
KegsWithLegs,0.0
KeiroD,0.0
KellyL3,0.0
KennyFuckingPowers,0.0
KentuckyFriedNinja,0.0
Kerdek,0.0
KevinsBacon,0.0
Kgtv123,0.0
Kibblets,0.0
Kicken,0.0
Kiefchief,0.0
KiloTheOperator,0.0
KiltedMan,0.0
Kimmikaze78,0.0
Kinematic9,0.0
KingCarnivore,0.0
King_Hawking,0.0
KingkaiMaui,0.0
Kingswoodmissal,0.0
Kitsuneominous,0.0
Kiwi150,0.0
Kjack12,0.0
KlausCin,0.0
Klink-a-dink-dink,0.0
Knapkin,0.0
Kneeahh,0.0
Knight203,0.0
KnittedOwl,0.2533
Knowltey,0.0
Knoxie_89,0.0
KoRnyWayz,0.0
Kolanie,0.1677
KonM4N4Life,0.0
Koolaidchick,0.0
KoolioKid,0.0
Koroshi,0.0
Koshatnik,0.0
Kosobuckaroo,0.0
KozhiKaallaPena,0.0
Kozii,0.0
Kpac_0000,0.0
Krashenbern,0.0
KrazeRyo,0.0
KristyKillings,0.0
Kruger2147,0.0
KruziikDovahkiin,0.0
Kugru,0.0
Kutichan,0.0
Kyteno,0.0
KytyMeowFace,0.0
L1ghtsaber,0.0
LATViALAURA,0.0
LMKurosu,0.0
Lachryman,0.0
Lackspotential,0.0
Ladelthia,0.0
LadyBrecky,0.0
LadyBrett,0.0
Ladybug_loves,0.0
LaheyDrinks,0.0
Lakai_Sgrd,0.0
LamRoss,0.0
Lamcia,0.0
Lashate,0.0
Lauraar,0.0
LaurenBlake21,0.0
LayzeLes,0.0
LeRedditReferee,0.0
LeSpork,0.0
Le_moi1742,0.0
LegendaryMobius,0.0
Leminnes,0.0
LessThanLaura,0.0
LetMeResearchThat4U,0.0
LethargicMonkey,0.0
Lewsor,0.0
Lexically,0.0
Lexypinkhair,0.0
Liakela,0.0
LiamHubbard,0.0
Liamb2179,0.0
LiarPantsOnFires,0.0
Libby6917,0.0
Libera,0.0
LibrarianPony,0.0
LibraryGeekGirl,0.0
Lidemi,0.0
LightSideIsRightSide,0.0
LilNYYGirl,0.0
Lil_lubun,0.0
LilieMaylee,0.0
LindaK1988,0.0
LinuxPoser,0.0
Liokae,0.0
LionKatt,0.0
LipsLikeMorphyne,0.0
Liquorsnacks,0.0
Litemode,0.0
LiterallyProbably,0.0
LittleBug37,0.0
LittleMissBlue,0.0
LittleRedReadingHood,0.0
LittleWhiteTab,0.0
LittlemissMusical,0.0
LivebytheWater,0.0
Livewireg14,0.0
Livewirehf,0.0
LivinDying3-4Time,0.0
LivingWithHoarders,0.0
LivingWithWhales,0.0
LizziePeep,0.0
LizzyD86,0.0
LlamasOrDucks,0.0
LoadChaud,0.0
Logalog,0.0
Loganhxc,0.0
Logical_Lefty,0.0
Lol_Cancer,0.0
Lolalawless1,0.0
LoliSauce,0.0
Lolleroo,0.0
LonelyOnNaxos,0.0
LookNoHandlebars,0.0
LordJesusChrist777,0.0
LotoSage,0.0
Louie2112,0.0
LovableContrarian,0.0
LovePenguin333,0.0
LovelyLainey,0.0
Loveyoutwice,0.0
Lowkeykeylow,0.0
Luccyboy,0.0
LuckyKelevra,0.0
Luh-Luh-Luh-Louie,0.0
Lunaa,0.0
Lunar3,0.0
Lupo3825,0.0
LupoScuro,0.0
LurkerConnie,0.0
LurkingLikeABau5,0.0
LwCrid,0.0
Lynch_Diggers,0.0
LynnReid1971,0.0
Lynziruffles,0.0
Lysanias,0.0
Lysdestic,0.0
MCC5,0.0
MCallanan,0.0
MDMA420,0.0
MHerndz,0.0
MJ_,0.0
MKandtheforce,0.0
MLou,0.0
MPinsky,0.0
MRdaBakkle,0.0
Mac_OS_X_Kitteh,0.0
MadWhiteMan,0.0
MadamePinkie,0.0
MadeByMonkeys,0.0
MadeOnMyRealBirthday,0.0
Madmabes,0.0
Madmortigan,0.0
MagdaEss,0.0
MagicalMurderCat,0.0
Magicmagnets42,0.0
Maiser,0.0
MajesticTowerOfHats,0.0
Malcaiah,0.0
MaloVolpe,0.0
MaltMix,0.0
MamaGrr,0.0
MamasBabiesx5,0.0
Mamayoda,0.0
ManaSmoker,0.0
Mananers,0.0
ManiacalLaugh,0.0
Manning01,0.0
Manny_Mudbutt,0.0
MansionTheHutt,0.0
MarbhDamhsa,0.0
MarcusParadis,0.0
Marius_et_Eponine,0.0
Marivia,0.0
MarsisDed,0.0
Massawyrm,0.0
Masta-Blasta,0.0
MasterBlaster860,0.0
Masternova,0.2526
MathIsDelicious,0.0
Matt24138,0.0
MattGrubbTV,0.0
MattMac124,0.0
MattOnADinosaur,0.0
Matt_Muier_Eyes,0.0
Matt_and_Chelle,0.0
MatteosMommy,0.0
Mattkubed,0.0
Maverick44,0.0
MaxyMax,0.0
Mayortomatillo,0.0
MazdaRx7Guy,0.0
McCocknockells,0.0
McNicken,0.0
McPeePants34,0.0
MechEngineeringGod,0.0
MeeNinjaTurtle,0.0
MeechPeach,0.0
MegaMayhem,0.0
MegainPhoto,0.0
Megaross,0.0
MeggiePoo10,0.0
MelanieS,0.0
MentlegenBacon,0.0
Mesmerale,0.0
Metalheadzaid,0.0
Methodikull,0.0
MewsClues,0.0
MexicaliBlues42,0.1689
MiHeath,0.0
MichaelFay,0.0
MickySFINE,0.0
MidNightSky,0.0
Midlothianer,0.0
MidnightDendrite,0.0
Midnight_Aviator,0.0
MidwestDrummer,0.0
Miguel2592,0.0
Miiiils,0.0
MikeBruski,0.0
MikeEnIke,0.0
MikeOnTheHill,0.0
Mikey85,0.0
Mikkee,0.1663
MikoRiko,0.0
Milagre,0.0
Mildcorma,0.0
MileHighBarfly,0.0
MileHighElement,0.0
Milesaaway,0.0
Milkman41092,0.0
Mimi0726,0.0
MindinMind,0.0
Minecraft_Is_Hipster,0.0
MinnesotaMatt,0.0
MinnesotaPride,0.0
MisaDarling,0.0
Misfiled,0.0
Mish106,0.0
Mishiiee,0.0
MissBrendaSue,0.0
MissDukette,0.0
MisterWigggles666,0.0
Mister_Jofiss,0.0
MistrCreazil,0.0
Mistress_Amaya,0.0
Mitch2025,0.0
MitchellHaaland,0.0
Mittimer,0.0
Mizzpizzagiver,0.0
Mkap3334,0.0
MoFoSantaClaus,0.0
Mobster96,0.0
Modaru,0.0
ModemEZ,0.0
ModstFox,0.0
Moesh,0.0
Mofabolist,0.0
MofiaGangster,0.0
Moldybooks,0.0
MollyHatchetBabe,0.0
Mom_DadPlus4,0.0
MommyKnowzBest,0.0
Mommyof4girls,0.0
Momof4redheads,0.0
MonsterIt,0.0
MoofiePizzabagel,0.0
MooseMan3000,0.0
MootSuit,0.0
Morbas,0.0
MoreTunaLessMayo,0.0
MortaLPortaL,0.0
MorticianofFaith,0.0
MostDrunkest,0.0
Moxypants,0.0
Mr2990,0.0
MrAgileBeast,0.0
MrBadger4962,0.0
MrBearengar,0.0
MrBitterness,0.0
MrBoogalu,0.0
MrCassian,0.0
MrCheungSon,0.0
MrClean87,0.0
MrDrPhizzle,0.0
MrGoldenVoice,0.0
MrMischief0220,0.0
MrPhatJared,0.0
MrPoohHead,0.0
MrPowerful,0.0
MrSlippyfist,0.0
MrSquish,0.0
MrStonedOne,0.0
MrTightButt,0.0
Mr_Do_do,0.0
Mr_Oppenheimer,0.0
Mr_Spoon,0.0
MrsBirdies,0.0
MrsZheng,0.0
Mudkipman,0.0
Muhnazer,0.0
MushroomLizard,0.0
Musika13,0.0
MutantTeddyBear,0.0
MutatedGamer,0.0
Muttly2001,0.0
MyDogTotoro,0.0
MyKarmaKilledURDogma,0.0
MyLifeIsABeach,0.0
MynameisMormon,0.0
Mysteryman64,0.0
Mystic11,0.0
Mythbuster52,0.0
N-ConfusedPorphyrin,0.0
NFLBlitze1,0.0
NJMom,0.0
NOT_A_BUMBLE_BEE,0.0
NRA2011,0.0
NWEmperor,0.0
NYGalz,0.0
NabbyChabby,0.0
NachoCupcake,0.0
Nahkriin,0.0
NakedLunchbox,0.0
NannigarCire,0.0
Narconis,0.0
NarglesEverywhere,0.0
Narkolepse,0.0
NarwhalNumber5,0.0
NastyBigPointyTeeth,0.0
NateNasty,0.0
Natsuu,0.0
NauticallyYours,0.0
Nazoth,0.0
Nc_hammers,0.0
Nd4Wd,0.0
Nechronic420,0.0
Necrizzo,0.0
Ned_Starks_Foot,0.0
NeedSomeLuck,0.0
Neeps89,0.0
NefariousStray,0.0
NellieBean,0.0
Nemesis0320,0.0
Neogodfather,0.0
Nephrastar,0.0
Neprut,0.0
NerdCrush,0.0
NerdWith_A_Tan,0.0
Nertz,0.0
Nessa209,0.0
Nessasayswhat,0.0
NeverLucky,0.0
NewOrleansLiberal,0.0
NewToUni,0.0
Niapino,0.0
NickMason01,0.0
NickSProud,0.0
Nicko9y,0.0
Nicolu,0.0
Nigerio,0.0
Nightkind7512,0.0
Nightsfaded,0.0
NikkiNikkiBoBikki,0.0
Nikkirich89,0.0
NikonElite,0.0
Nimues,0.0
NinaBeam,0.0
Ninja1017,0.0
Ninjamonkeysd,0.0
Ninwa,0.0
Nitrous42,0.0
NitsujTPU,0.0
Nnyy,0.0
NoLuckYet,0.0
NoTimeLikeToday,0.0
NoiseJunkie,0.0
NolandCT,0.0
Nolanoscopy,0.0
Nomsfud,0.0
None,0.0
NoobperDuper,0.0
NorthAve,0.0
Northerninfinity,0.0
NotAnFed,0.0
NotAnObviousThrowAwa,0.0
NotAtAllBenny,0.0
Not_Mitch,0.0
NothingMoreAmazing,0.0
NotoriousHaze,0.0
Notreallymeinmadison,0.0
NovaLovesFrogs,0.0
Novakanator,0.0
November_,0.0
Nowwhatdoyoumean,0.0
Numb3rs4,0.0
Nusent,0.0
ODSTAdrianFii,0.0
OHMEGA,0.0
OMGSX,0.0
ONEPIECEOFZEALOT,0.0
OS1K,0.0
OTACON120,0.0
ObbyDent,0.0
ObscureAgain,0.0
OccamRager,0.0
Odd-One-Out,0.0
OfeyDofey,0.0
OffalAutopsy,0.0
OfficerSometime,0.0
Ohuma,0.0
OkToBeTakei,0.0
Okfineyou,0.0
Ol_Geiser,0.0
OlafDesjardins,0.0
OldScenee,0.0
Old_Scratch1,0.0
OliverTw1st,0.0
Ollieh96,0.0
OmNomdePlum,0.0
Omnomagon,0.0
Omurchu,0.0
OnDaBlockSlanginRock,0.0
Ontheneedles,0.0
Oosp,0.0
OpenFusili,0.0
OpinionatedSouthern,0.0
Oppressedtoaster,0.0
Oradi,0.0
Orangeslayer,0.0
Orcasmic,0.0
Orcusmaximus,0.0
Ordinary_People,0.0
OreoOrigins,0.0
OscarWildez,0.0
Oscar_Rowsdower,0.0
Osperyz,0.0
OvarianBarbarian,0.0
Overieaction,0.0
Overmind172,0.0
OzKFodrotski,0.0
P38sheep,0.0
PAPA_EN_MI_CULO,0.0
PBSurfer,0.0
PDExplorer,0.0
PIant,0.0
POSMStudios,0.0
POTEMrx,0.0
PUAskandi,0.0
PUNKSHAMAN,0.0
Paladinlost,0.0
Palepaige,0.0
Pand0rah,0.0
PandSiper,0.0
Panikinap,0.0
PantherX,0.0
Pants_Bandit,0.0
PapaOomMowMow,0.0
PapaWhiskey,0.0
PaperCrates,0.0
Parsionez,0.0
PastafarianTwit,0.0
Patmybody,0.0
PaulWR,0.0
PauseBreak1,0.0
Peetrius,0.0
Pelleas,0.0
PennSullivan,0.0
Penultimate_Timelord,0.0
PetiePal,0.0
Pharmaki,0.0
PhillyQ19,0.0
Philosophyforever,0.0
PhonieMcRingRing,0.0
Phredman,0.0
Phreggs,0.0
Phungasaur,0.0
Phyco_candy,0.0
PhysicsGirl,0.0
Pibbxtreme,0.0
Pickletoez,0.0
Piecarrier,0.0
PilotRei00,0.0
Pink401k,0.0
PinkZeppelins,0.0
Piratarojo,0.0
Piraticalstyle,0.0
PizzaPardon,0.0
Pizza___Throwaway123,0.0
Plaidipus,0.0
PlainJain,0.0
Plan9Channel7,0.0
Planthater,0.0
Plastic0Cow,0.0
PlatinumPenguin,0.0
PlayOnSunday,0.0
PlazzmiK,0.0
PlusSixtoReason,0.0
Pluu86,0.0
Pnpp1817,0.0
Pnutbuttersalamander,0.0
PocYo,0.0
PodentOros,0.0
Polly10,0.0
Pomplamousse,0.0
PoorStudentTA,0.0
Poor_White_Guy,0.0
PopsiclePadre,0.0
PorcelainPoet,0.0
PostsCrapPuns,0.0
PotentPollen,0.0
PotentiaLSc2,0.0
PowerSpatula,0.0
Ppflounder,0.0
PranicEther,0.0
Precambria,0.0
PreggoMama,0.0
Pregnant_and_hungry,0.0
Prego_Interrupted,0.0
PresidentGaryJohnson,0.0
PresidentTylerDurden,0.0
President_Flowbama,0.0
Primio,0.0
Prince_Keylaylee,0.0
PrincessAloria,0.0
PrincessMLR,0.0
Pringly,0.0
PriscillaPresley,0.0
Problemzone,0.0
Prock88,0.0
Producer_Snafu,0.0
Prof_Mordarm,0.0
ProgrammingAllar,0.0
Projectile_Muffin,0.0
ProofOfFaith,0.0
PseudoEPIC,0.0
Pseudo_Prodigal_Son,0.0
PsychoNinjaFlea,0.0
Psychochan,0.0
PsycotikChicken,0.0
Pterrific,0.0
Publius0,0.0
Pudd1nPants,0.0
Puddl3Pirate,0.0
Pudie,0.0
Purelyhated,0.0
Purple9994387483,0.0
PurpleSnow,0.0
Pwncho,0.0
Pybr0,0.0
Pyrohazard,0.0
QQsomeMore,0.0
QRSTUV3,0.0
Qbaxter77,0.0
Quadrius,0.0
Queenby,0.0
QuestionableQuestion,0.0
Quetz23,0.0
Qwahp,0.0
RALBIN0,0.0
RAoPBot,0.0
RBIX,0.0
RDTa,0.0
REMbomb,0.0
RL007,0.0
ROTP,0.0
RPhilosopher,0.0
RRSignalMaintainer,0.0
RSMLancey,0.0
RSvennson,0.0
RZF291,0.0
RabbitReddit,0.0
Rachel707,0.0
Rachplaysbass,0.0
RaeFlynne,0.0
RafiTBA,0.0
Rafiki123,0.0
RageMonkey262,0.0
RagingBearFish,0.0
Ragnrok,0.0
Raiden1312,0.0
RainbowDashPro,0.0
RainbowStar,0.0
RalphMullin,0.0
Rammikins,0.0
Ramt_1,0.0
Ramza_Claus,0.0
Rand-AlThor,0.0
RandomWeirdShit,0.0
RangerDick,0.0
Rarararararar,0.0
Rastro,0.0
RattaTatTat,0.0
Raven_Madd,0.0
Ravyn82,0.0
Rawr_Im_a_Lion,0.0
Raxshi,0.0
RayRay17,0.0
RayRock,0.0
RazzleThemAll,0.0
RealHorrorShowLike,0.0
ReallyHungryGuy1,0.0
RebelLion_HalfBrain,0.0
RedOrAlways,0.0
RedYote,0.0
Red_Chaos1,0.0
Reddit434838,0.0
ReillyBoy,0.0
RelativityPudding,0.0
Relickey,0.0
Relkeb,0.0
ReneeB,0.0
Renegade_Journo,0.0
RenoodleWNDRxxx,0.0
Rethread,0.0
Retsopuck,0.0
Rev_Quackers,0.0
ReverendDS,0.0
RexxieCat,0.0
Reyz0rd,0.0
RhymesWithEloquent,0.0
Richard_Longboat_IX,0.0
Richardchambuhs,0.0
Riffy,0.0
RingoProductions,0.0
RingoTheSquid,0.0
Riousenkai,0.0
RisenPhoenix,0.0
RitalinYourMemory,0.0
Rizface,0.0
RndmKindness,0.0
Roarlando,0.0
RobSpewack,0.0
Robogoon,0.0
Robolo,0.0
RobotBuddha,0.0
Robot_Legs,0.0
RockLobster89,0.0
RockMondo,0.0
RockNRollahAyatollah,0.0
RogerASmith55,0.0
Rogpog777,0.0
RogueNine,0.0
Rokky94,0.0
Rollinn,0.0
Rollout,0.0
RomeKo,0.0
RorySBarnes,0.0
Rosa1029,0.0
Rose94,0.0
Rose_Lade,0.0
RosieRose23,0.0
RossPeterson,0.0
Rottenresurrection,0.0
Rou1,0.0
RoxanneANDLilly,0.0
Royschachsupafly,0.0
Rozo-D,0.0
Rozsd_s,0.0
Rudahn,0.0
Rufert,0.0
Rufian2113,0.0
Ruleroftheblind,0.0
RumpleCragstan,0.0
RustyCatalyst,0.0
RyanXM,0.0
Ryane927,0.0
Rydillac,0.0
Rynoke,0.0
S0brlvn,0.0
S3XPanther,0.0
SATXreddit,0.0
SCATTRON,0.0
SCFamof6,0.0
SDAdam,0.0
SDMarine,0.0
SEX_LIES_AUDIOTAPE,0.0
SGToliver,0.0
SPD-13,0.0
SPMex760,0.0
SPYDER0416,0.0
SRowan33,0.0
STHOA,0.0
Sabromex,0.0
SacUp,0.0
Sackomatic,0.0
SadAndHungry,0.0
Saeka,0.0
SafestSafe,0.0
SaffronWhiteGreen,0.0
Safria,0.0
Sagron,0.0
SaintSnuggles,0.0
Salemkylar,0.0
SallyMacLennane,0.0
SallyinCali,0.0
Saltywounds,0.0
Samantha797,0.0
Sanctusorium,0.0
Sanhael,0.0
Sanmartian41,0.0
SarTim,0.0
Sara_Sorta,0.0
SarahGadz,0.0
Sarahbear123,0.0
Saranghae_sohee,0.0
Satans_Mistress,0.0
Satheling,0.0
Satire55,0.0
SaturatedChain,0.0
Sch1308,0.0
Schizoreindeer,0.0
Schpsych,0.0
Scione200417,0.0
Scoldering,0.0
Scootaloo22,0.0
Scottruss,0.0
Scrambo,0.0
Scraypeeraypees,0.0
ScribsMcScrabble,0.0
SeaTownNems,0.0
Seanmatthewleary,0.0
SeattleNark123,0.0
Sebastian23,0.0
Secretus2,0.0
Secularpride,0.0
See-Phor,0.0
SeepThreepEO,0.0
Sekter89,0.0
SemFi,0.0
SemajSemajSemaj,0.0
Senor_Wilson,0.0
Sentient_Lichen,0.0
Sephiroths_Bitch,0.0
Serious_Table,0.0
Seriousity,0.0
ServeSatan,0.0
Sgeng,0.0
SgtSloth,0.0
SgtWaffles2424,0.0
ShadowElliot,0.0
ShadowPuppetGov,0.0
ShadowXSeeker,0.0
Sham_Jam,0.0
Shangtia,0.0
Sharptastic,0.0
ShartyPants,0.0
Shibley911,0.0
ShiggityShank,0.0
Shihaby,0.0
Shimmyshanga,0.0
Shirk08,0.0
ShirleyJackson,0.0
ShitBabyPiss,0.0
ShitOnTheWayToWork,0.0
Shitty_FaceSwaps,0.0
Shnoox,0.0
ShoesWithSouls,0.0
Shorae,0.0
Shpook,0.0
Shrumples1997,0.0
ShuffleandTruffle,0.0
Shufflegirl,0.0
Shugbug1986,0.0
ShutUpBaby_IKnowIt,0.0
ShyShinobi,0.0
Shyesmom,0.0
Shyr,0.0
SidyBoy13,0.0
SigmaValentine,0.0
SillyHatsOnly1123,0.0
SilverVendetta,0.0
Silverback,0.0
SilvioManuel,0.0
Silvrbreeze,0.0
SimplePizza,0.0
Sinderelly,0.0
SingleMommy87,0.0
SiouxElk113,0.0
SirBraneDamuj,0.0
SirEdward43,0.0
SirHellsing420,0.0
SirPoBrinkman,0.0
SirRamen,0.0
SirZoidberg,0.0
Sir_Dalek,0.0
Sir_Dan,0.0
Sir_not_sir,0.0
SissyE04,0.0
SisterHammer,0.0
SisterRayVU,0.0
SisyphusOfMorons,0.0
Sith_Empire,0.0
Skareymc,0.0
Sketchy4200,0.0
SkinnyBonesJones,0.0
Skittles19,0.0
SkorcH333,0.0
Skorp,0.0
Skorpazoid,0.0
Skull-Leader,0.0
Skwishums,0.1621
SkyMuffin,0.0
Sladeownsyou,0.0
Slapthatbass84,0.0
Sledgemau5,0.0
SleepingBeauty2180,0.0
Sleezy_T,0.0
Slowly_BillCosby,0.0
Sludge_Hound,0.0
Sm314,0.0
SmashAnEmoKid,0.0
Smiling814,0.0
Smokecan,0.0
SmokehTheBear,0.0
SmoochyTheRhino,0.0
Smurf06,0.0
Sn1pySn4p,0.0
SnS_,0.0
Snackchez,0.0
Snapdude9,0.0
Snappo,0.0
Snides05,0.0
Sniperman,0.0
Snorlax12,0.0
SoManyMinutes,0.0
SoManyShades,0.0
SoSweaty,0.0
SoToAnTrAx,0.0
SoberBillie,0.0
SociallyAdeptPenguin,0.0
Sofistication,0.0
Solanumn,0.0
Soldi3r,0.0
SoleSoldier,0.0
SolidSyco,0.0
Some1Random,0.0
SomeGuyOnReddit123,0.0
SomeGuyWithABoner,0.0
SomeWebGuy,0.0
Some_Belgian_Guy,0.0
SomniSmith,0.0
SonOfDenny,0.0
SonoskeAkigawa,0.0
SophieBulsara,0.0
SorinSaakat,0.0
SorryButStsly,0.0
SourPatchAdult,0.0
SpacemanSpiff56,0.0
Spandexisbad,0.0
Sparkitten,0.0
Spartan021,0.0
Spaznik,0.0
SpeaKeasYSKY,0.0
Speaker4theDead,0.0
Speb,0.0
SpecialCake,0.0
SpecialKRJ,0.0
Specro,0.0
SpectacularJack,0.0
Spidermonkey_face,0.0
Spikesbad78,0.2485
Spilly5,0.0
Spinks,0.0
Spiritdad,0.0
Spitmyfire,0.0
Spliff_Me_Up,0.0
SplodeyDope,0.0
Sprgmr,0.0
SqueakerBot,0.0
Squidlor009,0.0
StLRedditGirl,0.0
Stafiejman,0.0
Stagnent,0.0
Stalked_Like_Corn,0.0
StarFireLiz,0.0
Starbuck0123,0.0
StarcraftPizza,0.0
StarlightxUK,0.0
Starlurker,0.0
StarrHrdgr,0.0
StartingOverFresh,0.0
StatenIslandFamily,0.0
Static_Rain,0.0
StayFrostyIcebrgSlim,0.0
Stdruler,0.0
Steamy-Nicks,0.0
StepAsideOpenWide,0.0
StepOnYourFunk,0.0
StephyGang,0.0
Stereotypical_Kansan,0.0
Steve50013,0.0
SteveLV702,0.0
Steve_Zissou,0.0
Steveturds,0.0
StevieBecker,0.0
StewieJr,0.0
Stingray8,0.0
Stoned_Pelican,0.0
StoopiBird,0.0
Stormynyte,0.0
Streakor,0.0
Stu2519,0.0
Student_UK,0.0
Stumpsmash12,0.0
StunKeE,0.0
Sturdybody,0.0
Stux,0.0
Styx9001,0.0
StyxFish,0.0
Subhazard,0.0
Sublime1996,0.0
Suffistication,0.0
Suicidal_Inspirant,0.0
Suirou,0.0
Sulamar,0.0
Summerfools2011,0.0
SunakuNiwa,0.0
SuperBrownBro,0.0
SuperDave2U,0.0
SuperRecoveryMom_,0.0
SuperblySuperb,0.0
Supercakes101,0.0
Surlan,0.0
SurprisinglyEdible,0.0
SushiForOne,0.0
Sushi_Fish,0.0
SuspiciousTurtle,0.0
SvenTreDosa,0.0
Swarlley,0.0
SweatyMarshKitten,0.0
SweetJesusBatman,0.0
SweetJoni,0.0
SweetNPetite27,0.0
SwimmerGirl7,0.0
Sykotik,0.0
SyraMira,0.1646
SyrupDerp,0.0
T3ph13,0.0
TARDISBlue2013,0.0
TCizzlage,0.0
TDRalston94,0.0
TEYZO,0.0
THR,0.0
THevil30,0.0
TK-fett,0.0
TLOE,0.0
TMHS,0.0
TRUBored,0.0
Tabbycat719,0.0
Tabor91,0.0
Tai2172,0.0
TaintShredder,0.0
Taiokaion,0.0
Takeachanceonme,0.0
Talesavo,0.0
Talking_Head,0.0
TallGlass,0.0
Talwyn,0.0
TammieK,0.0
Tankercow,0.0
Tarable,0.0
Tarn33,0.0
Tasleus,0.0
Tatatee,0.0
Tatertotattack,0.0
Taven_The_Bold,0.0
TaxeSnomore20,0.0
TaylerMykel,0.0
Taymuffin,0.0
Te5ter,0.0
TeHMetronomE,0.0
Teabus,0.0
Teachu2x,0.0
Teambrap,0.0
TechGuyDallas,0.0
TechnoL33T,0.0
Technosugar,0.0
Teflon_McDermit,0.0
TegaNaft,0.0
TehCourtJester,0.0
Tekken2,0.0
Tekn0junkie,0.0
Temari22,0.0
Tenshik,0.0
Tenth_Doctor,0.0
TerminalxSound,0.0
TesticleTophat,0.0
TevlarHooperson,0.0
TexanInExile,0.0
That_Black_Kid,0.0
That_Guy333,0.0
That_Urks_Me,0.0
The-Seldom-Seen-Kid,0.0
The6ofUS,0.0
TheBeardedOwl,0.0
TheBigDoak,0.0
TheBlueBadger,0.0
TheBossMan5000,0.0
TheCarpe,0.0
TheCatalystInMe,0.0
TheCats_PJs,0.0
TheCrimsonArmada,0.0
TheDanVail,0.0
TheDecline28,0.0
TheDreadGazeebo,0.0
TheDudeAbides37,0.0
TheGeorge,0.0
TheGlassface,0.0
TheGooglePlex,0.0
TheGrasstheSteakAte,0.0
TheGreatGildersleeve,0.0
TheGreatestRedditor,0.0
TheGreenJuan,0.0
TheHAMMan011,0.0
TheHlessi,0.0
TheHoffman,0.0
TheInternetIsNaughty,0.0
TheJollyLlama875,0.0
TheKidWantsMilk,0.0
TheLastMan,0.0
TheLastRealAccount,0.0
TheLaughingUnicorn,0.0
TheLightingGuy,0.0
TheMagicConch,0.0
TheMinks,0.0
TheMrCartz,0.0
TheNamesIrrelevant,0.0
TheNarv1901,0.0
TheOriginalHavoc,0.0
ThePotFarmer,0.0
TheRecycleBin,0.0
TheSheepdog,0.0
TheSkeward,0.0
TheStorySoFarBro,0.0
TheSundanceKid45,0.0
TheTripCommander,0.0
TheUltimate12,0.0
TheUnrepententLurker,0.0
TheWhiteRabbitY2K,0.0
TheWorldmind,0.0
TheWorstHasYetToCome,0.0
The_Axelrod,0.0
The_Babe,0.0
The_Correctionist,0.0
The_Nox,0.0
The_Peace_Maker,0.0
The_Smooth_Mexican,0.0
The_Wily_Curmudgeon,0.0
The__Doctor__,0.0
The_black_Community,0.0
The_reflection,0.0
The_sly_kit,0.0
Theesunbro,0.0
TheoreticalFunk,0.0
Theoritis,0.0
Therion6,0.0
TheycallmeFoxJohnson,0.0
ThinkBeforeYouDie,0.0
Thinksforfun,0.0
ThisFreaknGuy,0.0
ThomasTheDankEngine,0.0
Thor_Odin_Son,0.0
Thorbraig,0.0
Thoreau999,0.0
Thornton3,0.0
ThrasherAlliance,0.0
ThrewMudAtOthers,0.0
ThrowAway01890,0.0
ThrowAway01891,0.0
Throwaway980008,0.0
ThrowawayBegger,0.0
Throwayguy,0.0
ThunderCockMartian,0.1687
Tiabaybee19,0.0
TiaraBear21,0.0
Ticking__bomb,0.0
Tigerbanger115,0.0
Tim9091,0.0
TimeToRepaint,0.0
Time_Lord10,0.0
TiredWorkerBee,0.0
Tlynn103,0.0
ToadBacon,0.0
ToastTheHero,0.0
ToastieCrumbs,0.0
Togimon,0.0
Tokers,0.0
Toliver182,0.0
TomBV,0.0
TomDoughnitus,0.0
TomMaxwell,0.0
Tom_HaverfordAMA,0.0
Tom_Wheeler,0.0
Tomcatjones,0.0
TommyHollywood,0.0
Tommytwotoesknows,0.0
Tomtom041890,0.1638
TonightsWhiteKnight,0.0
Tony_tigre,0.0
TonyaLynn84,0.0
ToppedOff,0.0
TornadoCondorV2,0.0
TorontoInSummer,0.0
Totally-Fucked,0.0
Totempants,0.0
Touchy_touchy_no_no,0.0
TouglasBoat,0.0
Towelie62,0.0
Toxicsidewinder,0.0
Toxikk,0.0
Toyfare,0.0
Tragic125,0.0
Trainwhistle,0.0
TramMonkey,0.0
Transparent_Taco,0.0
TrapandRelease,0.0
Traumahawk,0.0
TreeStarr,0.0
Trek7553,0.0
Trekman10,0.0
Trenzor,0.0
TresGay,0.0
Tricher619,0.0
Tricker1991,0.0
TriggerdbyChrono,0.0
Tritavius,0.0
Trmy9b,0.0
Troll101Catz,0.0
Troll_berry_pie,0.0
TrouserSnake2992,0.0
Truce_Giantmidget,0.0
TrueGeek,0.0
TrueXuman,0.0
TrustMeImHigh,0.0
TuckedNip,0.0
TurkDavidson,0.0
Turkilla,0.0
TurquoiseMouse,0.0
Twilight_Sparkles,0.0
TwinCties001,0.0
Twinzs,0.0
Twitch101,0.0
Twix3213,0.0
Tygerlily,0.0
Tyking,0.0
Tyl3rDurd3n,0.0
Tyrinasoarus,0.0
Tysonus,0.0
Tyyper,0.0
UCBCarebear,0.0
UglyKid95,0.0
UglyLaugh,0.0
UkuleleNoGood,0.0
UmbrellaWolf,0.0
Underoathftw,0.0
Undersurface,0.0
UnfoldablePages,0.0
UnfrozenCavemanLaw,0.0
UngratefulPeon,0.0
UniqueName2,0.0
UniversityGyno,0.0
Unscarred84,0.0
UtopianEmpress,0.0
VFenix,0.0
VONDRA123,0.0
Valaksha,0.0
Vampiresagain,0.0
Vampyroteuthidae,0.0
VanNostrandMD,0.0
Vandimar,0.0
Vanetia,0.0
Vanheim,0.0
Vassss,0.0
Vellon221,0.0
VengefulOctopus,0.0
Venomheart,0.0
VeryProudhonOfYa,0.0
VicHoliday,0.0
ViceroyRW,0.0
VictoryAkara,0.0
Viggerous,0.0
Vinceidon,0.0
Vinnysin,0.1707
ViolentOctopus,0.0
VioletFroggie,0.0
VirginityCollector,0.0
ViridianVixen,0.0
Vixen88,0.0
VonCornhole,0.0
VordLader,0.0
Vote_Gravel,0.0
Vyous,0.0
Vyvanse,0.2997
W1GG3R,0.0
WGDpizza,0.0
WPSRazorbacks,0.0
Waffleman75,0.0
Wagnam,0.0
WailordEX,0.0
Waitwtfisthis,0.0
Wallywarus,0.0
WalterGrove,0.0
Wanderlustking236,0.0
WangJinrei,0.0
WarbleHead,0.0
Wayniackc,0.0
Wayward54,0.0
We_The_Living,0.0
Weapon_X94,0.0
Weechickadee,0.0
WestDakota,0.0
WhatsausernameHF,0.0
Whazzits,0.0
Wheelsandthe-legman,0.0
WhereDoesTheTimeGo,0.0
WheredMyMindGo,0.0
Whiskey_Joe,0.0
Whisperlikeashout,0.0
WhitechapelPrime,0.0
WhoJahBless,0.0
WhosThatGuru,0.0
WhyArentYouNMyOffice,0.0
WildBeards,0.0
WildVariety,0.0
WilfordGrimley,0.0
WillRedditForFood12,0.0
Willowmaker,0.0
WinnieMouf,0.0
WinterMadness7,0.0
WishIWereHere,0.0
WithABaseballBat,0.0
WittyWebHandle,0.0
WoffyCoffee,0.0
WolfPacLeader,0.0
Wolfeman0101,0.0
WombatBob,0.0
WomenzRightsLoL,0.0
Wooketsz,0.0
Wordwench,0.0
Working_Class_Hero,0.0
WowFantasticBaby,0.0
Wrathicus,0.0
Wulfbane,0.0
X1342666,0.0
XAmountofWords,0.0
Xandersmommy,0.0
Xedma,0.0
XelaIsPwn,0.0
Xeropoint,0.0
Xfairytalejunkiex,0.0
Xombieshovel,0.0
XplatinumXpixeyX,0.0
XtaC23,0.0
XtimmyX,0.0
XxDarkKissxX,0.0
XxHopex89,0.0
Xxbatman_XD,0.0
YUBYUB2424,0.0
Yarbsful,0.0
YardGnome,0.0
Yarrg,0.0
YayNoMoreLurking,0.0
YellowBirdLadyFinger,0.0
YepSheSaidThat,0.0
YoahLow,0.0
You-Can-Quote-Me,0.0
YouCanCallMeLiz,0.0
YoungSerious,0.0
Your_Comment_History,0.0
Your_Name_Reminds_Me,0.0
YupUhhuh,0.0
Z0bie,0.0
ZB4F,0.0
ZMerrell,0.0
ZacAtom,0.0
Zack93,0.0
ZackOff,0.0
Zahel,0.0
Zakonichiban,0.0
Zankabo,0.0
ZappaSmappaz,0.0
Zaragoza,0.0
Zaxmaur,0.0
ZeBandit,0.0
Zebattlefieldz,0.0
Zeis,0.0
Zelgardis,0.161
Zeno666,0.0
ZeroCitizen,0.0
Zilveari,0.0
ZinjaNombie,0.0
Zombica,0.0
Zombiemold,0.0
Zsymon,0.0
ZynzynzyN,0.0
_BiPolarBear_,0.0
_Kline,0.0
_Mink,0.0
_Synth_,0.0
__C3__,0.0
__The__Doctor,0.0
___VK,0.0
___interlude,0.0
_chmod777_,0.0
_greenbeetle,0.0
_justforyou,0.0
_kill-fx_,0.0
_sil,0.0
_silentheartsong,0.0
a-wes-ome555,0.0
aAntelope,0.0
aFunnyWorldWeLiveIn,0.0
aProbl3m,0.0
aSnuggletummie,0.0
a_funsized_gentleman,0.0
a_wizard_diddit,0.0
aaa801,0.0
aaaashc,0.0
aardvarkspleen,0.0
aaronthehuman,0.0
abbybuckets,0.0
abedcoolcoolcool,0.0
abioux,0.0
abjackso,0.0
aboitic,0.0
abscando,0.0
aceagle93,0.0
aceballos,0.0
aceetobee,0.0
acephreak,0.0
achrist14,0.0
actionera,0.0
activitus,0.0
adadude25,0.0
adamantium_buster,0.0
adidabiking,0.0
adidaman,0.0
admdelta,0.0
adnamajean,0.0
adrearly,0.0
adrewryan,0.0
adriannad,0.0
aforarmy,0.0
africanabarbie,0.0
afriendlysortofchap,0.0
afshin,0.0
aggiecath14,0.0
aguywithacellphone,0.0
ahensen,0.0
ahhhhh11,0.0
ahnalrahpist,0.0
ailurus42,0.0
aint2proud2beg,0.0
ajauholawola,0.0
ajdl334,0.0
ajelizalde,0.0
ajlover1986,0.0
ajthesecond,0.0
akagoldfish,0.0
aklovemynuts,0.0
akmlr,0.0
akystics,0.0
alabamasweet,0.0
alambert212,0.0
alansmithee331,0.0
alefnull,0.0
alexandraentendre,0.0
alexandrathegr8,0.0
alfadog77,0.0
aliceann93,0.0
alicelnwonderland,0.0
alisebelcher,0.0
allenfaigao,0.0
allfourmykids,0.0
alliOops,0.0
alljuststarstuff,0.0
allryuken,0.0
allusions,0.0
almightybob1,0.0
alnajjd,0.0
alohahawaii,0.0
alostcause,0.0
alrightmike,0.0
altiaquasaurus,0.0
alxbnt,0.0
alyssaraeholden,0.0
amagzz,0.0
amarkson,0.0
amberLM,0.0
amberene,0.0
ambertigereyes,0.0
ambitiousjuvenile,0.0
amcutro,0.0
amdra,0.0
americanbred,0.0
americanhitcher,0.0
ammerique,0.0
amo25,0.0
amroc987,0.0
ams2000,0.0
amusedparrot,0.0
amym91,0.0
anaelle13,0.0
anafiihayaty,0.0
analreceiver,0.0
anamespeltwrong,0.0
anankletisasmallsock,0.0
anarchyreigns,0.0
anassakata,0.0
anb1990,0.0
and_so_it_is,0.0
andersoncoopersboner,0.0
andreareneeA,0.0
andrewbaker_64,0.0
andrewguenther,0.0
andstuff,0.0
andwilldsaid,0.0
andwithtthat,0.0
andy_1985,0.0
andy_gbert,0.0
andycapp614,0.0
angelbaby21,0.0
angelcdm228,0.0
angelcompton,0.0
angelpuff,0.0
angelsister,0.0
angelsister1,0.0
angryragtimer,0.0
anigavnisinep,0.0
animatedradio,0.0
anita_pizza,0.0
ankillanessie,0.0
annYongASAURUS,0.0
anointednonsense,0.0
anonymister1128,0.0
anonymous_pizza,0.0
anotherguy2,0.0
anotherred,0.0
antgly,0.0
anthonyLe123,0.0
anthonybsd,0.0
anthonyle2002,0.0
anthrbrickinthewall,0.0
antibread,0.0
anticipatedgiant,0.0
antigravity_x,0.0
anyquestions,0.0
apainfulthrowaway,0.0
aparke41,0.0
apcolleen,0.0
apesnandroids,0.0
aphorg,0.0
applederringer,0.0
apt0s,0.0
arbiterxero,0.0
arcnotl,0.0
arekususan,0.0
areraswen,0.0
arielsncsy,0.0
arismaggiani,0.0
arkook,0.0
arms_of_the_beloved,0.0
aroracle,0.0
arquebus77,0.0
arrpee3,0.0
arsenismzero,0.0
artificialred,0.0
artisticsubmission,0.0
artsya3,0.0
artvandelay916,0.0
ascendingorder,0.0
aschmalzer,0.0
asdflayne,0.0
asdfom,0.0
ashleypenny,0.0
ashleythegreat,0.0
ashuri2,0.0
asitransmissions,0.0
asouthernsun,0.0
ass_man007,0.0
asualum2002,0.0
atlasgenius,0.0
atomikgirl,0.0
aureality,0.0
austocans,0.0
automatic_bazooti,0.0
autonomousisthmus,0.0
ava_adore,0.0
avalon18,0.0
averdin,0.0
avianavery,0.0
aviatorofscience,0.0
awana56,0.0
awesoMetrical,0.0
awesomemanftw,0.0
awthumaustin,0.0
ayotornado,0.0
ayudameplox,0.0
azdfg1,0.0
azengteach,0.0
azeroth_dawn,0.0
azhang0411,0.0
azzip_oAR,0.0
b00kw0rm,0.0
b0unc37x,0.0
babababigian,0.0
babybreaker,0.0
babygiraffe67,0.0
babygirl630,0.0
babyluvangie,0.0
bacondev,0.0
baconpiex,0.0
bad_cab,0.0
badbrownie,0.0
baelion,0.0
bafoonwitaspoon,0.0
baggins,0.0
bahamut000,0.0
baj37,0.0
bakeasian,0.0
bakersdozen13,0.0
balfort,0.0
banananame,0.0
bananrama,0.0
banoor,0.0
barcher80,0.0
barehare,0.0
barrygusey,0.0
basskitten-,0.0
bateater,0.0
batmanlight,0.0
bau5k1ng,0.0
bbbreaker,0.0
bbqchickenisgood,0.0
bbrackmann,0.0
bburchibanez,0.0
bbydede,0.0
bclark2137,0.0
bdalebs,0.1688
beachpatty,0.0
beanieb,0.0
beanza,0.0
bearXential,0.0
bearnasties,0.0
beatdownbutnotbroken,0.0
beatnikbillygoat,0.0
beautifuloverthere,0.0
beavis81,0.0
bebeschtroumph,0.0
bedouinebabe,0.0
beegreen,0.0
beencaughtfapping,0.0
beerxedge,0.0
beklemesalonu,0.0
belizardbeth,0.0
belovebepeace,0.0
ben_durr,0.0
benc1213,0.0
bengringo2,0.0
benith,0.0
benmk,0.0
benny8897,0.0
beset_by_wanderlust,0.0
bestpartsoflonely,0.0
bgmrk,0.0
bgradl,0.0
bhxinfected,0.0
bianca5683,0.0
biffle,0.0
bigbuzd1,0.0
bigcitycrows,0.0
bigfishh,0.0
bigjakefhecake,0.0
biglizardinmybyard,0.0
bigmac1441,0.0
bigmamad,0.0
bigsol81,0.0
bigtimetimmyjim,0.0
billiken69,0.0
billy_buckweed,0.0
binarybandit,0.0
binarypower,0.0
bingbangbooom,0.1687
bioskope,0.0
bitch_puddin,0.0
bitcheslovereptar,0.0
bitner91,0.0
bitofaboss,0.0
bitsofsick,0.0
biwley,0.0
bjessicarenee,0.0
bkeiya,0.0
bklynboy89,0.0
blackbird82,0.0
blackout517,0.0
blackowiak,0.0
blackprince542,0.0
blackstar00,0.0
blah1234332,0.0
blahsappystuff,0.0
blakzer0,0.0
blameitontheaaambien,0.0
blattacker,0.0
blaurum,0.0
bledsoep,0.0
bleeble_blooble,0.0
bleeding_dying_love,0.0
blessedlife,0.0
blesser,0.0
blindpringles,0.0
blinkin,0.0
blizake,0.0
blogger4DC,0.0
bloodclot,0.0
bloodybadger,0.0
blowjay_simpson,0.0
blubirdhvn,0.0
blue_eyedsweetie,0.0
bluecastle,0.0
bluedays,0.0
blueeyedmommy,0.0
bluefactories,0.0
bluehairedfreak,0.0
blueoctopus,0.0
bluepantsbike,0.0
blunatic,0.0
bman23433,0.0
bmxkeeler,0.0
boatdude,0.0
bobafoot17,0.0
bobbiejo448,0.0
bobbyllama,0.0
bobmooney,0.0
bobmystery,0.0
bobntraci,0.0
boboagogo,0.0
bocelot,0.0
bocksofwine,0.0
bollerwagon,0.0
boner_sushi,0.0
bonerbandit,0.0
bonerjamage,0.0
bones_jones132,0.0
bonoetmalo,0.0
bonzothebeast,0.0
boobluver,0.0
booger_butt,0.0
boogieonregwoman,0.0
booperiii,0.0
boredaustralian,0.0
boredonamonday,0.0
borg484,0.0
bornbytheriver,0.0
boxofjason,0.0
boysenburry,0.0
bozowantfood,0.0
br4dleysm0m,0.0
braddletoad,0.0
brain082883,0.0
brainswho,0.0
braliker,0.0
bravefencertrollashi,0.0
braverywillfollow,0.0
brazen,0.0
breakneckridge,0.0
breelyair,0.0
bretsony,0.0
brettrosey,0.0
brianmoon,0.0
brickoftr00th,0.0
brighterdaytomorrow,0.0
brinkofhumor,0.0
bripdokmont,0.0
broafoflead,0.0
brokecollegekid13456,0.0
brokenchairs,0.0
brokenprodigy114,0.0
brokewith2kids,0.0
brom333,0.0
bromaslav,0.0
broncos80girl,0.0
brotherbock,0.0
browneyedgirl2,0.0
brresnic,0.0
bry1982,0.0
bryguy28,0.0
bstewart88,0.0
btwalw,0.0
btway,0.0
bubbo,0.0
bubke12,0.0
bucknakid14,0.0
buffalosaurus,0.0
buffs37,0.0
buggysmama108,0.0
bugsinamber,0.0
bules,0.0
bunnylove69,0.0
buoywonder77,0.0
burningplanet,0.0
burnt_pizza,0.0
burritoboss,0.0
busch_chugger,0.0
busybeemommy,0.0
buttercup_mauler,0.0
butteredpotatoman,0.0
butterydelight,0.0
buttresidue,0.0
bzilla,0.0
c0reyann,0.0
c0wboigreas3,0.0
c_murder,0.0
caarl,0.0
cadderly09,0.0
caerul,0.0
cahaseler,0.0
caimaela,0.0
calabresi,0.0
calckyro,0.0
calsosta,0.0
calvinwylie,0.0
cam843,0.0
cambionic,0.0
campbellseh,0.0
candis2k6,0.0
candlesandfish,0.0
candyapple08,0.0
canllaith,0.0
capnpimp,0.0
captaincrummus,0.0
captainguinness,0.0
captainrainbowbdash,0.0
captainsum,0.0
carbonfountain,0.0
carcinom_a,0.0
cardiffian,0.0
carltonbankz,0.0
carmenlrp,0.0
caroline_apathy,0.0
carraway,0.0
carseycritter,0.0
cartoon_soldier,0.0
casella2,0.0
cassiewilber,0.0
casual__t,0.0
catherinecc,0.0
catmom9,0.3024
catvllvs,0.0
caust1c,0.0
cavanaughs,0.0
cb98678,0.0
cckynv,0.0
ccmmssjl12,0.0
ccraig6277,0.0
cdal06,0.0
cdefgfeadgagfe,0.0
cdfrantzis,0.0
cdjpurple,0.0
ceerob007,0.0
ceevar,0.0
celtic_smith,0.0
celticsbig4,0.0
celtictamuril,0.0
cementsocks,0.0
cevogel,0.0
cgKush,0.0
cgillett,0.0
ch2st,0.0
chairback,0.0
chalkdongler,0.0
chalt0,0.0
chantel_9,0.0
chantel_deaton,0.0
chaoschief,0.0
chaosmosis,0.0
charlesgrodinfan,0.0
charliebatch,0.0
charliej,0.0
charlimonster,0.0
cheesepile,0.1901
cheesesquirt4,0.0
chef_baboon,0.0
chefjayke,0.0
chelac,0.0
chelloveckskunk,0.0
chemthethriller,0.0
cherboi,0.0
cherrymama,0.0
cherrysweet,0.0
cheshirecat76453,0.0
chestdumpsupreme,0.0
cheyfamily5,0.0
chhill2,0.0
chicharito1821,0.0
chickenpickle,0.0
chieftokenpuff6,0.0
chilledwilly,0.0
chiller2484,0.0
chimneyswifty,0.0
chloe-bell,0.0
chmpdog,0.0
chofortu,0.0
chom__,0.0
choppersb,0.0
chowcow,0.0
chris1606,0.0
chrisbellttu,0.0
chrisc97,0.0
chriscosta77,0.0
chrishilldrop,0.0
christmasinmycar,0.0
chronicfuppler,0.0
chronichyjinx,0.0
chubawubba,0.0
chunk609,0.0
chupanibre25,0.0
chylilith,0.0
chynncarmen,0.0
cidzeraus,0.0
cindgail,0.0
cindisART,0.0
cinemaesque,0.0
cinemocracy,0.0
cinnamondolce,0.0
cinqj519,0.0
civilian11214,0.0
ckrad,0.0
cl0ckw0rk0rang3,0.0
clairemarch,0.0
clanksy,0.0
clarle,0.0
clashin74,0.0
cldumas,0.0
clearmoon247,0.0
cliche,0.0
cliffkleven,0.0
cliffsofinsanity,0.0
clist440,0.0
clong2,0.0
clouds_rach,0.0
cloverling,0.0
clubs924,0.0
cluckles,0.0
clutchperformer,0.0
cmb3497,0.0
cmccaff,0.0
cmdbash,0.0
cmh324,0.0
cmosa,0.0
coast2coaster,0.0
codax755,0.0
codemonkeylikefritos,0.0
coffeebeans10,0.0
coffeegirl27,0.0
cogitaveritas,0.0
cole1209,0.0
coltboy,0.0
coltranedis,0.0
comfort4felines,0.0
comfortnsilence,0.0
commonreddituser,0.0
completelydrained270,0.0
compto35,0.0
compton89,0.0
comrade-cupcake,0.0
comradefuzz90,0.0
comradeyeltsen,0.0
conbel,0.0
condiotti,0.0
confused_redditor,0.0
conme,0.0
constantSarcasm,0.0
consumedbythefire,0.0
controlZ,0.0
cookie0076,0.0
cookiepaper42,0.0
coolnow,0.0
copinters,0.0
coppawallap2,0.0
corbeeZ,0.0
corbinjohnson,0.0
corknazty,0.0
corporatecashcow,0.0
corpusdelenda,0.0
corytr,0.0
coupleinneed,0.0
course_you_do,0.0
courtneykilledit,0.0
cowboy_mike,0.0
cpadron,0.0
craigory45,0.0
crashed9,0.0
crazedandabused,0.0
crazedy,0.0
crazyredhead87,0.0
creativetm,0.0
creativezen,0.0
cremebrulee_,0.0
crg78750,0.0
criwolv,0.0
crmsonspo,0.0
cronparser,0.0
crowdsurfer,0.0
crudapples,0.0
crusaderqueen,0.0
cryemoxkidcry,0.0
crypticmeth,0.0
csheely17,0.0
csmcangl,0.0
ctrl_c,0.0
ctrl_z,0.0
ctu_bauer,0.0
cubiczoeconia,0.0
cupcakeDeb,0.0
cupcakessss,0.0
curious-creationist,0.0
curiousinhistory,0.0
curlingblue,0.0
cutemom27,0.0
cutfloss,0.0
cuttingagent,0.0
cwlippincott,0.0
cyb1n,0.0
cyborgrosieperez,0.0
cyndikins,0.0
cynthiaamoore,0.0
czerniana,0.0
czeroes,0.0
czhunc,0.0
czuzak,0.0
d0nt_b1ink,0.0
d0ze143,0.0
d4rwins_chap,0.0
dabeanbandit,0.0
dabeeisme,0.0
dadof3,0.0
dadoftwinboys,0.0
daevonn09,0.0
dajensen,0.0
dakay501,0.0
dalidala,0.0
damianm,0.0
damnyousave,0.0
damonx99,0.0
danamccurdy,0.0
danbri28,0.0
danceswithwool,0.0
dandan97,0.0
danddel,0.0
daner54,0.0
dangersgirl,0.0
danhalligan,0.0
danidap22,0.0
danielblakes,0.0
danilee88,0.0
dankne,0.0
dannianne,0.0
danoistheman,0.0
danroccks,0.0
dantondrobot,0.0
danw7504,0.0
darkangelle,0.0
darknessdfa,0.0
darkrxn,0.0
darkwingfuck,0.0
darlantan,0.0
darthnuri,0.0
darthoptimus,0.0
darwin57,0.0
dasfeiz,0.0
dashindarlin,0.0
dave_stiles,0.0
dave_the_african,0.0
davesfriendsteve,0.0
daveywaveybaby,0.0
davidd00,0.0
davidduckface,0.0
davidiscute,0.0
davidreavis,0.0
davisescapeplan,0.0
davissec,0.0
daz3d,0.0
dboti,0.0
dbrownbear,0.0
dc2040,0.0
dc218,0.0
dcarrrey,0.0
deadhaze35,0.0
deadheartsbeat,0.0
deadlyfalcon89,0.0
deadparrotx,0.0
deathbyramen,0.0
deathsyce02,0.0
debjohnchloek,0.0
debolt,0.0
deborahb45231,0.0
debotehzombie,0.0
debracat,0.0
decandentandsymetric,0.0
deceptivewizardboy,0.0
decibel32,0.0
deejack,0.0
deepfriedarjun,0.0
deerareinsensitive,0.0
deere,0.0
deerface,0.0
deeter16323,0.0
defcoxl,0.0
defprd,0.0
deftgsxr,0.0
dehOne,0.0
dekutam,0.0
deliverytime,0.0
delkinba,0.0
dell90wattac,0.0
delovelydeangel,0.0
democritus2,0.0
demon8rix,0.0
demoncloset,0.0
den215,0.0
denimthrowaway,0.0
derekaa,0.0
designasaurus,0.0
desperateandhungry,0.0
destinyisntfree,0.0
destructopop,0.0
detective_donkey_dic,0.0
deuce54,0.0
deus_ex_eagles,0.0
deusahominis,0.0
devjunk,0.0
devonjackson,0.0
dezmodez,0.0
dflemming,0.0
dghughes,0.0
dianeruth,0.0
diardiar,0.0
dickobags,0.0
dickwhistle,0.0
diduknowitsme,0.0
diehardcubforever,0.0
digitaldraco,0.0
digiteknique,0.0
digixu,0.0
dihydrogen_monoxide,0.0
dilbertmouse,0.0
dillano609,0.0
dimestorehood,0.0
dingo152,0.0
dinnersnotready,0.0
dinothesaur,0.0
dionysus220,0.0
dirtyharry8,0.0
dirtypaws,0.0
dirtywook,0.0
discobeauty,0.0
discus_javeliner,0.0
disneymama,0.0
disorientedhobo,0.0
disposablewife,0.0
divafrenchie,0.0
dizzybum,0.0
dizzylynn,0.0
djPARADISE,0.0
djangounzipped,0.0
djbartos93,0.0
djbsay,0.0
djgizmo,0.0
djpedrop,0.167
djtempest,0.0
djtoasty,0.0
dkoch0608,0.0
dlenoxx,0.0
dlg1213,0.0
dlnmtt,0.0
dman8000,0.0
dmgirl,0.0
dmitche,0.0
doc_brietz,0.0
doctorelliot,0.0
doesntmatterwhere,0.0
doglover007,0.0
dolpgrl,0.0
domicotroll,0.0
domkennedy,0.0
donamunns,0.0
donbvonb,0.0
donkeybuns,0.0
dontfallforit,0.0
dontlikerainbows,0.0
dontsayohwell,0.0
donttakemywordforit,0.0
dontuforgetaboutme23,0.0
doodle7020,0.0
doozerman,0.0
dopeboyhero,0.0
dotdom,0.0
douglashill,0.0
doutlawjessejames,0.0
doveTail_,0.0
downonmylucktoday,0.0
downtowncanada,0.0
downtownflipped,0.0
downvotesreposts,0.0
doworkz,0.0
dpkonofa,0.0
dprowan84,0.0
dr0idx,0.0
dr_spaceout,0.0
dr_wang,0.0
draco619,0.0
drankrobot,0.0
drawingup,0.0
drcazes,0.0
drdan1991,0.0
dream5eller,0.0
drewniverse,0.0
drews2012,0.0
drfeelgood60,0.0
driftsc,0.0
drinkthebleach,0.0
drolsonator,0.0
drowgirl,0.0
drowninginpudding,0.0
drownyourfears,0.0
druid_king9884,0.0
drunkenmonkeybrigade,0.0
drunkinmilwaukee,0.0
dryad44,0.0
dryersheets,0.0
dsledz,0.0
dsteeleAggie,0.0
dubdad,0.0
duckydoom,0.0
dudemycat,0.0
duffmanhb,0.0
dumbledohhhh,0.0
dummyhead,0.0
duncanjewett,0.0
dunnmyblunt,0.0
duracell33,0.0
durden87,0.0
dustinkdkl,0.0
dustyroads3636,0.0
dutch245,0.0
dutchess_elm,0.0
dutchholland,0.0
duvalrn,0.0
dxtrr,0.0
dyeam,0.0
dylanausing,0.0
dylfs,0.0
dyslexicpea,0.0
dysonlogos,0.0
dysphorifier,0.0
dzack,0.0
dzessie,0.0
eaglebtc,0.0
eapostrophej,0.0
easeintoit,0.0
eastcoastin,0.0
ebetha,0.0
ech0-chris,0.0
echelonFox,0.0
ecolonialee,0.0
edbluetooth,0.0
eddie14126,0.0
edify,0.0
edsfunsite,0.0
edwards12691,0.0
eelassirak,0.0
eelu,0.0
eetzatrap1300,0.0
effigies,0.0
efflixi,0.0
eggsovereazy,0.0
egilbert13,0.0
egmose,0.0
ehsymphony21,0.0
eira_,0.0
eithel,0.0
eivomlive,0.0
elaine_wowza,0.0
elastic-love,0.3398
element33,0.0
elementalrain,0.0
elephant_owl_hippie,0.0
elephantangelchild,0.0
elephantblueshoe,0.0
elephantbuttons,0.0
elfinwizard,0.0
elikat,0.1721
elitekaoss,0.0
eljay23,0.0
elliuotatar,0.0
ellomate,0.0
elohizzle,0.0
elsieghost,0.0
emajoranna,0.0
emarshall25,0.0
embarrassedaboutthis,0.0
embarrassedinflorida,0.0
emergelife,0.0
emilyishungry,0.0
emilysdead,0.0
emmo245,0.0
emmuppet,0.0
emotep,0.0
emunf713,0.0
emyhT_nitsuJ,0.0
enbit,0.0
endersynthia,0.0
enderwigout,0.0
enemyofpoliticians,0.0
enforce1,0.0
engineeringENT,0.0
enhancedtrivia,0.0
enjoi_uk,0.0
enneathought,0.0
entwithapenis,0.0
eoin63,0.0
eric273,0.0
erica_wins,0.0
ericishere,0.0
ericjraack,0.0
erikislame,0.0
erikturner10,0.0
erinmadams,0.0
ermahgerd_face,0.0
erupted,0.0
erutter11,0.0
esacteksab,0.0
eskiimo,0.0
eskimovm,0.0
eternalkerri,0.0
etwl18,0.0
eunosben,0.0
europeandaughter,0.0
euugie,0.0
everhasbefore,0.0
evilsalmon,0.0
ex-theist,0.0
exdigga,0.0
exodus2219,0.0
exodusmachine,0.0
expandyourroots,0.0
explikit,0.0
externals,0.0
extrachrispy,0.0
ezliconfuzzed,0.0
f33dback,0.0
fURRYSUN,0.0
f_monk,0.0
faceless_one,0.0
failsocks,0.0
fairytailgod,0.0
fakeplasticcheese,0.0
familyinneed80,0.0
faqnsht,0.0
farrisnawas,0.0
fastang,0.0
fastizio6176,0.0
fatalie,0.0
fatdp,0.0
fatmanjogging,0.0
fattehboi,0.0
fattyboombaladee,0.0
fazzter44,0.0
fdhfjdfkhd,0.0
feelingfortunate,0.0
felixthemaster1,0.0
felixvbaldr,0.0
feminazi1602,0.0
fetuslasvegas,0.0
fiestymama77,0.0
fiftydollarburrito,0.0
figglefox,0.0
fin4lz3r0,0.0
financial_idiot,0.0
fingerscrossed2,0.0
fireball_73,0.0
firefighter190,0.0
fireflyhope,0.0
firelovinggerbil,0.0
fishcatcake,0.0
fivestarsoul,0.0
fizzyliftingdrinker,0.0
fjanko,0.0
fknsewermoose,0.0
flagg1209,0.0
flagman10,0.0
flakemusic13,0.0
flamingcow,0.0
flamingflipflop,0.0
flipper65,0.0
flipperjack,0.0
flissss,0.0
fluteitup,0.0
fluxtor,0.0
flyangel2478,0.0
flynnski,0.0
flywheel521,0.0
fogdelune,0.0
fohacidal,0.0
foki,0.0
follow_your_bliss,0.0
followingflanders,0.0
folxify,0.0
foobar314,0.0
forceuser,0.0
fordgawn,0.0
foreignporn,0.0
foreveraskeptic,0.0
forgottenapostle9,0.0
forlornhope22,0.0
foxclocks,0.0
frackthatbitch,0.0
frankcbright,0.0
franki3J,0.0
frankslittlebeauties,0.0
frawgz,0.0
freakalicious_mn,0.0
freakish-neko,0.0
freedominthefoliage,0.0
freelantic,0.0
frenchd91,0.0
freyant,0.0
friedpundit,0.0
friedsooshi,0.0
friendorfoe321,0.0
frizzyburr,0.0
frogfreek,0.0
froggigger,0.0
from_twelfth_planet,0.0
frustrationparade,0.0
fuckbitchesgeteuros,0.0
fuckevrythngabouthat,0.0
fuckitchuckit,0.0
fuckyou_space,0.0
fuckyourcouchplease,0.0
fullmetalutes,0.0
funkaphant,0.0
funkengruven88,0.0
funkinwagnallz,0.0
furbix,0.0
fyiiamaspy,0.0
gabenelsonKPB3292,0.0
gabrields1,0.0
gaga1996,0.0
galaxypanda,0.0
gale_tomlinpeaches,0.0
galwayjedi,0.0
gamfreak,0.0
ganderson81,0.165
garbleman,0.0
garfieldcompton,0.0
gary7,0.0
garywb069,0.0
gatorfan12,0.0
gbraden20,0.0
gdf72295,0.0
gdsok,0.0
geauxreddit,0.0
geeeenie,0.0
geek_swagg,0.0
geekgirlpartier,0.0
geekonamotorcycle,0.0
generalnotsew,0.0
genericgamer,0.0
generichandsomeman,0.0
geoper,0.0
gerbillionaire,0.0
getoutofherestaIker,0.0
getthefuckinmybed,0.0
gettingtherety,0.0
getya,0.0
gfisher99,0.0
ggcc,0.0
ggsly,0.0
ghandiburger,0.0
ghostleeone,0.0
ghostlytrees,0.0
ghostofahorse,0.0
ghostrider90,0.0
ghotisgirl06,0.0
giants707,0.0
gibmunnehorbanu,0.0
gill_outean,0.0
gimmick1025,0.0
gimpz,0.0
ginandtunic,0.0
gingerOHsnap,0.0
gingerdoo,0.0
gippered,0.0
girkabob,0.0
girliegrrrl,0.0
girlzmomtwo,0.0
give_this_one_a_go,0.0
giversRstupid,0.0
gleefulmidget,0.0
globaldu,0.0
glowstix420,0.0
glycerinSOAPbox,0.0
gneiss-platypus,0.0
gnetro,0.0
gnidaol123,0.0
gnobytivarg,0.0
go_ahead_downvote_me,0.0
goawaynick,0.0
goddamnit_ted,0.0
goddamnitdad,0.0
goddamnjuice66,0.0
godissayingthistoyou,0.0
godofallcows,0.0
goehl56,0.0
gogogadgetstat,0.0
goingnorthwest,0.0
gokunt,0.0
goldenbear_,0.0
goldenwookieechild,0.0
golfalien,0.0
gomental,0.0
goodgodamighty,0.0
goodizzle,0.0
goodluckcharm102,0.0
gootray,0.0
gordo82,0.0
gormanboy,0.0
gothlips,0.0
gottrawn,0.0
govalle,0.0
grabmyeye,0.0
grace613,0.0
gracefulwing,0.0
grafittiscootaloo,0.0
grahamgunn,0.0
grandma20101,0.1864
grapejuiceisblah,0.0
grayshot,0.0
green323,0.0
green_eggsandham,0.0
greenbee202,0.0
greenbeen1,0.0
greggsandler,0.0
gregmuldunna,0.0
greyshadow_7,0.0
gridx,0.0
grimblegromble3,0.0
grits207,0.0
griz120,0.0
grooveboy101,0.0
grooviegurl,0.0
grunge420,0.0
gryphon5245,0.0
gttaluvredditors,0.0
gufcfan,0.0
guitarist231,0.0
gumiho9,0.0
guyperonni,0.0
guywiththeanklesocks,0.0
gwennyrose,0.0
gwisawesome,0.0
hAND_OUT,0.0
hBoBh,0.0
haaallleeeyy,0.0
habbadooba,0.0
haggs,0.0
halfwaythere88,0.0
halounit,0.0
halsmypal,0.0
halupki,0.0
handstanding,0.0
hankgrill03,0.0
hanrelan,0.0
haox72,0.0
happehkitteh,0.0
happy2pester,0.0
happywaffle,0.0
hardbop1,0.0
hardfemmewitch,0.0
hardtoremember,0.0
hardworkingdad,0.0
harrisonfire,0.0
harry-yerawizard,0.0
harryeffingpotter,0.0
hart1975,0.0
hash_tagger,0.0
hashashin710,0.0
hatescarrots,0.0
hautegauche,0.0
havingdizziness,0.0
havox07,0.0
hawkfeathers,0.0
haydenandlexysmommy,0.1849
hayesesjoel,0.0
hcshock,0.0
heartachetickles,0.0
heartsickhedonist,0.0
heathenyak,0.0
hebisreal,0.0
heizmon,0.0
helldeamon3,0.0
hello_There17,0.0
hello_mellow,0.0
helloder2012,0.0
hellowren,0.0
henington,0.0
henley519,0.0
hentercenter,0.0
herduckyness,0.255
hereforaday,0.0
herpmanderpstein,0.0
herrokatie,0.0
heybigpancakes,0.0
heyitslongdude,0.0
heyturtle,0.0
heyyoudontsaythat,0.0
hfbguy355,0.0
hfoose,0.0
hicsvntdracones3,0.0
hidradenitis,0.0
highlnder777,0.0
hiiilary,0.0
hijynx427,0.0
hilaroo,0.0
hiphoprising,0.0
hippiemama,0.0
hippymatt,0.0
hitno2004,0.0
hive_worker,0.3308
hiyaninja,0.0
hjemisalive,0.0
hlmtre,0.0
hmcps89,0.0
hmmnotsure,0.0
hoganloaf,0.0
hokiecmo,0.0
holeycrap,0.0
hollyallen,0.0
holyjeebusnat,0.0
holyphunk1,0.0
homeboymcgee,0.0
homeschoolingmom,0.0
homicidalfetus,0.0
honeythyme,0.0
honor646,0.0
hookertime,0.0
hooligan47,0.0
hophopsbarley,0.0
horny_toad2006,0.0
hospitaltapes,0.1683
hotmommy88,0.0
housewife29169,0.0
houstonflies,0.0
hovding,0.0
how_do_i_name,0.0
howle,0.0
howmanymics,0.0
hp48,0.0
hrnmyd,0.0
hugsforloki,0.0
hullobirdy,0.0
humansareyum,0.0
humpierbus,0.0
hungry4food,0.0
hungry4pizzzza,0.0
hungry5742,0.0
hungry_irish_lass,0.0
hungry_lurker_sad_gf,0.0
hungryandhumble,0.0
hungrycorpsteacher,0.0
hungrydad,0.0
hungryforpizza0000,0.0
hungryindebt,0.0
hungryirishman,0.0
hungryman2,0.0
hungrymom,0.0
hungrystudent50948,0.0
hungrystudents,0.0
hungryuniversitykid,0.0
hurley77891,0.0
hyloda,0.0
hypecat,0.0
hypn0fr0g,0.0
hypnofed,0.0
i-ride-dragons,0.0
iCULTstatus,0.0
iFightForUsers,0.0
iKidCudi,0.0
iLiekOwls,0.0
iLoveYouu21,0.0
iMack87,0.0
iOgef,0.0
iProxxy,0.0
iRedditFromBehind,0.0
iTwi,0.0
i_here,0.0
i_m_here,0.0
iamaredditer,0.0
iambaman,0.0
iambeard,0.0
iamcomingundone,0.0
iamcosmos,0.0
iamkaiser,0.0
iammattstarkey,0.0
iamthekawaiiprincess,0.0
iamtheniggest,0.0
iamtheriver,0.0
ianingf,0.0
ibanghookers94,0.0
icanhazjessica,0.0
icankilluwithmybrain,0.0
icbat,0.0
icecool988,0.0
icefall5,0.0
icemanGiveth,0.0
icemax,0.0
iceschade,0.0
ichlibejuice,0.0
ichooseyoupika2,0.0
ichwillkuhe,0.0
icycreamy,0.0
id_kai,0.0
idealdebate,0.0
ideotera,0.0
idogiam,0.0
ieatfoodsometimes,0.0
ieatoctopies,0.0
igotbigtitties,0.0
iguessimnic,0.0
iheartbaconsalt,0.0
iheartsunrise04,0.0
ihopeitsatimemachine,0.0
iiviip3,0.0
ikaika,0.0
ikaite,0.0
ikelewis,0.0
ikilledyourcat,0.0
ilikedirt,0.0
ilikehamburgers,0.0
ilikeminuterice,0.0
ill-learn-ya,0.0
ill_use_this_one,0.0
illbevictorious,0.0
illegalDL,0.0
illlawlatyew,0.0
imaguyandiwantagirl,0.0
imakephotosk,0.0
imalwaysjustme,0.0
imaphuckingdog,0.0
imdol,0.0
imnogoodatthisorthat,0.0
imperialviolet,0.0
impispro,0.172
imsupercereal4,0.0
imthat1girl,0.0
imveryhungry,0.0
in2itiveact,0.0
incrediblep4ss,0.0
incubus809,0.0
indianagirljw,0.0
inducingnostalgianow,0.0
indy_throwaway,0.0
ineedateam1,0.0
ineedfoodzplz,0.0
infuriated_walmart,0.0
innovindil,0.0
insaneglow,0.0
internet-arbiter,0.0
intothesunbeams,0.0
invalid_credentials,0.0
ipopiad,0.0
iprizefighter,0.0
iradescentiris,0.0
ironosora,0.0
irover,0.0
isingthr4iam,0.0
isklea,0.0
ismokedalltheshwag,0.0
ismywifeawhore,0.1673
isothien,0.0
israel_regardie,0.0
ithicus2,0.0
ithinkimdoingthis,0.0
itsKOOLtobeGREEN,0.0
itsaghostagain,0.0
itsamoreh,0.0
itsbehindyou,0.0
itsjustasong,0.0
itsspelledLYNDSAY,0.0
itz,0.0
iwant2drum,0.0
iwanttohaveagoodtime,0.0
iweararubber,0.0
iwfh,0.0
iwontthrowawaypizza,0.0
j14vv,0.0
j41d3n,0.0
jabberworx,0.0
jacag2004,0.0
jack54,0.0
jack_in_the_mox,0.0
jack_porter,0.0
jackal99,0.0
jackelope,0.0
jackpotismydog,0.0
jacquibatman7,0.0
jadez03,0.0
jaimp,0.0
jakereinig,0.0
jakjg,0.0
jamesf797,0.0
jamespweb,0.0
jamesyorkdrake,0.0
jamisonfitz,0.0
janell89gagnon,0.0
janell_gagnon,0.0
jaques34,0.0
jaredellison86,0.0
jarizzle151,0.0
jarwastudios,0.0
jasonmm1979,0.0
jassalmithu,0.0
jatoskep,0.0
javi_intheair,0.0
jay456,0.0
jayayeceeohbee,0.0
jaybeebrad,0.0
jayce513,0.0
jaymayk,0.0
jb4427,0.0
jbeckfox,0.0
jbrinskele,0.0
jcgentry,0.0
jcneal04,0.0
jdbrat03,0.0
jdxogdlfkjvndgl,0.0
jeaguilar,0.0
jeconti,0.0
jed_eyes,0.0
jedberg,0.0
jedi1354,0.0
jedwin7,0.0
jeffityj,0.0
jeffp85,0.0
jeffreydonger,0.0
jefjefjef,0.0
jellybeaner,0.0
jemsblock,0.0
jenadactyl,0.0
jenners,0.0
jenntotheferr,0.0
jennyinstereo,0.0
jensdad2005,0.0
jeram92,0.0
jerdman76,0.0
jerkfaec,0.0
jero2006,0.0
jerry_autumn,0.0
jesses_girl,0.0
jessicababee18,0.0
jessicacruz6109,0.0
jessicadontbite,0.0
jessiebug,0.0
jessmanyeah,0.0
jesspest,0.0
jestert26,0.0
jeswrestledabearonce,0.0
jetboyterp,0.0
jets013,0.0
jetsintl420,0.0
jewishpopcorn,0.0
jewlz_austin,0.0
jhansipower,0.0
jhuck30,0.0
jimmyomalley01,0.0
jimswife9,0.0
jittyot,0.0
jjcrux,0.0
jjr1982,0.0
jlking3,0.0
jlmango,0.0
jmarita1,0.0
jmartin21,0.0
jme413,0.0
jmelol,0.0
jmreno88,0.0
jndobbin,0.0
jnorthup0620,0.0
jnseals,0.0
joanofarcade,0.0
joealanbrooks,0.0
joederpsmith,0.0
johhi,0.0
john_wu,0.0
johnnagain,0.0
johnny2by4,0.0
johnod,0.0
johnuala,0.0
jomomasdady,0.0
jongasm,0.0
jonkdavis,0.0
jonnyg22,0.0
jordancam,0.0
jorgeous,0.0
jorson,0.0
joshhay,0.0
joshoutloud,0.0
jousou,0.0
jovialkitten,0.0
jplank1983,0.0
jpop325,0.0
jramjram,0.0
jreneescott1,0.0
jreppa,0.0
jrk190,0.1664
jsdykstra,0.0
jshima2,0.0
jshufro,0.0
jski5711,0.0
jt573,0.0
jtcglasson,0.0
jthall,0.0
jtown465,0.0
juanwonton,0.0
judyisapunk321,0.0
juggalettagurl,0.0
juliaz12345,0.0
julirocks,0.0
jumpingjehosophat,0.0
junior92,0.0
juniormantis,0.0
junzafra,0.0
jupzchris,0.0
just_dont_,0.0
justaMOMonreddit,0.0
justanassembler,0.0
justanotherkiwi,0.0
justanub,0.0
justbcause,0.0
justhelpingtx,0.0
justin1311,0.0
justinzagar,0.0
justme0977,0.0
jzsean,0.0
k3kz,0.0
kaarno,0.0
kadiya16,0.0
kai908,0.0
kakchiquel,0.0
kalban777,0.0
kaleidoscopeiis,0.0
kalikillyou,0.0
kalmanaut,0.0
kamajo8991,0.0
kamicom,0.0
kangaroo2,0.0
kanthropology,0.0
kaploop,0.0
kar-re,0.0
karatastrophe,0.0
karmicmoondreams,0.0
kashra,0.0
kassietullock1,0.0
kateluvscoffee,0.0
katiechan8,0.0
katiezine,0.0
katkelly57,0.0
katz22492,0.0
kaynebee,0.0
kaysee2654,0.0
kaysmomma,0.0
kazooie777,0.0
kb13733,0.0
kbiering,0.0
kbsmom1031,0.0
kcoop91,0.0
kdubz0r,0.0
keanuisjesus,0.0
keasbey15,0.0
keebster83,0.0
keepitupstairs,0.0
keepyourheadup,0.0
kegman83,0.0
keikeibug2008,0.0
keistypants,0.0
keithmann,0.0
kelleym8021,0.0
kellierose,0.0
kellswastaken,0.0
kellypryde,0.0
kencater,0.0
kendall12321232,0.0
kenshira,0.0
kerbuffel,0.0
kerizzle,0.0
kerowynAgain,0.0
kess0078,0.0
kevinwfick90,0.0
kevka,0.0
kevlarrr,0.0
kevonicus,0.0
keyblade321,0.0
keysarecool,0.0
keysersozeweall,0.0
kezzaNZ,0.0
khalki,0.0
khanyr,0.0
kickazzgoalie,0.0
kicking_wing08,0.0
kid_buu,0.0
kieran_n,0.0
killapeeez,0.0
killerangel713,0.0
killerwarpig22,0.0
killhimalready,0.0
killingtheclock,0.0
killinmesmalls,0.0
killmesara,0.0
killymays,0.0
killyoureparents,0.0
kimi21,0.0
kimmyjay,0.0
kinaaaa,0.0
kingdomofswingdom,0.0
kingpumpkin,0.0
kingrichard336,0.0
kingston_boss,0.0
kink008,0.0
kippythablonde,0.0
kirakas,0.0
kirekirevampire,0.0
kirkw25,0.0
kirstmcgirst,0.0
kittix,0.0
kittybiscuits,0.0
kittybow,0.0
kiwi061216,0.0
kj658343,0.0
klairedee,0.0
klitchell,0.0
kmamrsr,0.0
kmart67620,0.0
kmlweather,0.0
knitchick,0.0
knockerwocky,0.1706
knowone572,0.0
knoxontholos,0.0
komoto13,0.0
kontankarite,0.0
koriki,0.0
kortirion_osgiliath,0.0
kramapple,0.0
kramdiw,0.0
kre8rix,0.0
kriestla,0.0
kris10cat,0.0
kristekitty,0.0
kristynseda,0.0
krpiper,0.0
krushmatic,0.0
kryptonian_knight,0.0
kshaw1125,0.0
ksj,0.0
ksnides,0.0
ksrchicity,0.0
kstryker,0.0
ktpvp,0.0
kukukajoonurse,0.0
kullus,0.0
kwaththeraven,0.0
kwip,0.0
kwmwtaj,0.0
kwroblewski,0.0
kyak12,0.0
kylawls,0.0
kylehnewman3,0.0
kylenobel,0.0
kyokoc,0.0
kyraxxxlynn,0.0
kyrobs,0.0
l0serl0ve7,0.0
laceyisreallyrad,0.0
lacylola,0.0
lady_deirdra83,0.0
ladybugstar28,0.0
ladydontmine,0.0
ladyjanegr,0.0
ladyluck04,0.0
ladyluck1984,0.0
ladyoftime123,0.0
laedadlisonjera,0.0
lalicat,0.0
lamoreequi,0.0
lanarama,0.0
landg,0.0
laneage,0.0
lanemik,0.0
langzaiguy,0.0
lastmonth,0.0
lasvegasnv11,0.0
latenightartist,0.0
latomn,0.0
laurenashley91,0.0
lawlessk,0.0
lawliver,0.0
lawyerman13,0.0
laydee,0.0
laz42,0.0
lbirdy103,0.0
ldiabl0530,0.0
leadflanders,0.0
leangle,0.0
learn2beabum,0.0
leddmtsu,0.0
leechsucka,0.0
leena1004,0.0
leetdood,0.0
leftnewdigg,0.0
legitttz,0.0
lemonassassin,0.0
lemonl1m3,0.0
leochen,0.0
letroller,0.0
lettherebedwight,0.0
letyourbeautyunfold,0.0
leutroyal,0.0
lewright,0.0
lexifus,0.0
lgfromks,0.0
lgm1117,0.0
lhelmka,0.0
liberalartsguy,0.0
liberalwhackjob,0.0
lichtheilt,0.0
life877,0.0
likeabaw5,0.0
likestartups,0.0
lilMrsSunshine,0.0
lilgcb,0.0
lilhorn,0.0
lilmzsnowbunnie,0.0
lilspidermonkey,0.0
lilysnape,0.0
limits55555,0.0
linda011,0.0
linfanapo,0.0
linford86,0.0
linkinwisdom,0.0
linuxauditor,0.0
lioness7,0.0
lisad33611,0.0
lisagal321,0.0
lisechen,0.0
littelbro14,0.0
little_twerp,0.0
littlechinesefriend,0.0
littleladygee,0.0
littlemisspixie,0.0
littlesausagepizza,0.0
littleslowloris,0.0
live4jesus,0.0
lives2cream,0.0
livingdub,0.0
livingincali,0.0
livingmaster,0.0
lizardstounge,0.0
lizies34,0.0
lizzi6692,0.0
lkv001,0.0
llamallanallama,0.0
llamalord,0.0
lll111lll,0.0
llo64,0.0
lmao_ze_dong,0.0
loadedtomcat,0.0
lobad,0.0
locuester,0.0
logan101,0.0
loganlulz,0.0
logicday,0.0
logueadam,0.0
lollycaustic,0.0
lolmatic,0.0
lolo91187,0.0
lolwowkk1,0.0
lolyesok,0.0
lolzsupbrah,0.0
lonesomeky,0.0
longlive_yossarian,0.0
loofkid,0.0
lookinatthegoodside,0.0
looksfine,0.0
loonybhatia,0.0
lorax_air,0.0
lordlortnoc,0.0
lordlypunx,0.0
loriann14,0.0
loser_,0.0
losermedia,0.0
lostincollege,0.0
lostinthecrowd270,0.0
loudothedew,0.0
loupap,0.0
love2fap,0.0
love4mydaughter,0.0
lovelylady502,0.0
lovelythots,0.0
lovemyfamily,0.0
lovingdad1982,0.0
lovly22,0.0
lowcountrylurker,0.0
lrm102195,0.0
lrpiccolo,0.0
lrruben,0.0
ltoverkill,0.0
lucette_van,0.0
luckilymynameisanon,0.0
lucky32,0.0
luckydoo,0.0
luhhhren,0.0
luiseuc,0.0
lukamako,0.0
lukecage43,0.0
lukiee,0.0
luluwinchestah,0.0
lulz1337,0.0
lunbicaijiao,0.0
lunchbox4_20,0.0
lurchman,0.0
lurklurklurkwonder,0.0
luv276,0.0
lweirick,0.0
lynzee,0.0
lyricist,0.0
m00v4c4,0.0
m0llyj,0.0
m2nu,0.0
m4ngo,0.0
m4nu,0.0
m_chamberlin,0.0
maaanda,0.0
maasaw,0.0
macdrai,0.0
macredsun,0.0
madamthefifth,0.0
maddexx,0.0
maddiepatties,0.0
madigascar,0.0
madkiro101,0.0
madreus,0.0
madsohm,0.0
madwh,0.0
magesquishy,0.0
magneteye,0.0
magnumthepi,0.0
magruff,0.0
magsliang,0.0
magusg,0.0
maigotsohongry,0.0
makemyanniversary,0.0
maleinblack,0.0
maliedoo,0.0
mamacat68,0.0
mamaof1,0.0
mamasboys,0.0
mamatofour,0.0
mandahugandkis,0.0
mandyyyy040,0.0
manwith13uses,0.0
maohaze,0.0
maqkathy,0.0
marco8_goal,0.0
mariorising,0.0
markthis,0.0
marlark,0.0
marriedmom,0.0
marsolo16,0.0
mary1993,0.0
mashley,0.0
master_commander,0.0
masterboat,0.0
mastergrumpus,0.0
mastermodr94,0.0
matadora79,0.0
matcauthion,0.0
mathewryan,0.0
matman8713,0.0
matrael,0.0
matthewcj03,0.0
matthewscottcollins,0.0
matthewsfan87,0.0
mattmagician,0.0
mattmatty21,0.0
mattrollz,0.0
mattrva,0.0
mattryanharris,0.0
matty509,0.0
mattysyr,0.0
maudib666,0.0
mauvetock,0.0
maybesproutwings,0.0
mayfly42,0.0
mayx,0.0
mcFLOW,0.0
mcakez,0.0
mcavopol,0.0
mcchick,0.0
mcdxi11,0.0
mcj614,0.0
mckinsa,0.0
mclovinsauce,0.0
mcollins999,0.0
mcredson,0.0
mcsquar3d,0.0
mdadmfan,0.0
mdax8414,0.0
mdterrapins,0.0
meSoLame,0.0
meacasia,0.0
meanstreaklarry,0.0
meatbawlofdoom,0.0
medelyman,0.0
medic216,0.0
mediocrist,0.1643
medusa010,0.0
meehan117,0.0
meeu,0.0
megawang,0.0
megazen,0.0
megthegreatone,0.3917
melancholymaze,0.0
melimalle,0.0
melissaoliver79,0.0
meljwitz,0.0
mellomeh,0.0
mellowyellower,0.0
mellymay,0.0
mellytorado,0.0
menehan,0.0
menmybabies,0.0
meonhere,0.0
meowmeowkiki,0.0
mercmaid,0.0
messlissa,0.0
metalfetus,0.0
meteorliath,0.0
mexta,0.0
mfbyrne,0.0
mhallgren5,0.2516
mhbelfry,0.0
micabebecca,0.0
micahville,0.0
michael1223,0.0
michaelarm987,0.0
michel34,0.0
microlotus,0.0
microsoft301,0.0
midnight_nudist,0.0
midnightwalrus,0.0
mightiestMouse,0.3377
mightiestmouse2003,0.0
mike7260s,0.0
mikedante2011,0.0
mikejarrell,0.0
mikel_caza,0.0
mikepence,0.0
mikesam37,0.0
mikeylee31,0.0
milk_a_wat,0.0
milkysky,0.0
millsman163,0.0
milota,0.0
mimic42100,0.0
mindfragment,0.0
mindlesscervantes,0.0
mindy2013,0.0
minimallyeschew,0.0
minirocker56,0.0
minivansareevil,0.0
mintty92,0.0
mintygood,0.0
mintzmeat,0.0
mirlonger,0.0
mishagale,0.0
misinformed66,0.0
misslindsayv,0.0
misstrace,0.0
missyx,0.0
mistakebythecake,0.0
misteral,0.0
misterbuckets,0.0
misterradon,0.1732
mistressbliss,0.0
misty63,0.0
mitch3910,0.0
mitchellmm02,0.0
mj052506,0.0
mj1176,0.0
mkeanon,0.0
mkeene91101,0.0
mlw4428,0.0
mmb2ba,0.0
mmc21,0.0
mneal,0.0
mo578135,0.0
moderatelime,0.0
moderator000,0.0
mojo4460,0.0
moldy_fingers,0.0
mollymcbutter1,0.0
mollymoosesays,0.0
molyns,0.0
mommyandtheboys,0.0
mommyof2babyboys,0.0
mommyof42011,0.0
momof2inms,0.0
momoffiveky,0.0
momoflilones,0.0
momto4boys84,0.0
momtoall,0.0
monkey1987,0.0
monkeyman947,0.0
monkeysnarls,0.0
monkeythecat,0.0
monkeytits,0.0
monolisa,0.0
monsterenergy83,0.0
monsterhouse79,0.0
monsterunderthebed,0.0
moocoo1,0.0
moogle516,0.0
moomilkmon,0.0
moomoo420,0.0
moomoocowninja,0.0
moondisyko,0.0
moonkistforlife,0.0
moonsockets,0.0
moontanned,0.0
moose_testes,0.0
mooseinDC,0.0
moosemorse,0.0
moralityboy,0.0
morose_,0.0
morzinbo,0.0
mosephk,0.0
mosscollection,0.0
motdidr,0.0
mothersmuse,0.0
motob751,0.0
mousemaker,0.0
mowwy,0.0
mph1204,0.0
mphelp11,0.0
mr-smor,0.0
mr_jeep,0.0
mr_muzzy,0.0
mrarthursimon,0.0
mrbigfun,0.0
mrefvem,0.1786
mrex2,0.0
mrgreeny,0.0
mrhorror,0.0
mrjack92,0.0
mrkokkinos,0.0
mrpoolman,0.0
mrroflpwn,0.0
mrshll,0.0
mrskimchi,0.0
mrslowloris,0.0
mrsslowloris,0.0
ms_cole19,0.0
ms_mary,0.0
msmisfit138,0.0
msnicecat,0.0
msparadoxical,0.0
mstina,0.0
mthoms3746,0.0
mtrumantigeru,0.0
muchohungry,0.0
muddyh2o,0.0
muffinmania583,0.0
muffunz13,0.0
muldoon_vs_raptor,0.0
mumblethesilent,0.0
mumphster,0.0
munchtastyredditors,0.0
mwcorrell,0.0
mx5miata,0.0
my2penniesworth,0.0
mycatcharles,0.0
mydogfinnigan,0.0
mynameisyoko,0.0
myotheralt,0.0
myrealnameisnotryan,0.0
mzprice23,0.0
n33nj4,0.0
nOoN3s,0.0
n_pazz_420,0.0
naimnotname,0.0
name_with_a_y,0.0
namebrand,0.0
nanagfsf,0.0
nancy_raygun,0.0
nancynaturally,0.0
nandorocker,0.0
nannox3,0.0
napaan,0.0
narwhall,0.0
natemendel,0.0
nathanbucher,0.0
nathanpaulyoung,0.0
naymlis,0.0
nbgryusan,0.0
ncktwt,0.0
ndurIn4mykids,0.0
nectarprotector,0.0
neesey5150,0.0
neirad,0.0
nekosune,0.0
nekrozis,0.0
neo1616,0.0
neocrosby,0.0
neon_neon,0.0
nephiroth,0.0
nerdalicious85,0.0
nerdbaitplus3,0.0
nerdy_and_nice,0.0
nervynerd,0.0
netizenbane,0.0
netricate,0.0
nevermind924,0.0
nevertoo,0.0
newchel,0.0
newredditer2011,0.0
newstart101,0.0
nferguson98,0.0
nguyen02,0.0
nguyengiaan,0.0
nhcollegechic,0.0
nicholsml,0.0
nickgenova,0.0
nickstatus,0.0
nickx37,0.0
nickylvst,0.0
nicolerhoades,0.0
nicolslaw,0.0
nicosalakar,0.0
nightlily,0.0
nightynite,0.0
niigakimari,0.0
nijoli,0.0
ninjaliwa,0.0
niqabi,0.0
nis42,0.0
niteflirtgirl,0.0
niyou77,0.0
njankowski,0.0
njdevils2626,0.0
njstein,0.0
nju11602,0.0
nmsanch,0.0
nmuir,0.0
nodeath370,0.0
noflag,0.0
noirefeeling,0.0
noiz77,0.0
nollie_ollie,0.0
nom-de-reddit,0.0
nomewe,0.0
nomorestumbling,0.0
nomyourheartout,0.0
noobatronz,0.0
noperfectplace,0.0
nopunin10did7ate9,0.0
nopurposeflour,0.0
normallythere,0.0
norromin,0.1264
northcoast_lady,0.0
nosense616,0.0
not-doing-hw,0.0
notBrit,0.0
notabumblebee44283,0.0
notandrea,0.0
notanothercirclejerk,0.0
notions2011,0.0
nottsoathletic,0.0
ns0,0.0
nsobleski,0.0
nucleophilic,0.0
nukemobile,0.0
nurse2067,0.0
nuthinbutathrowaway,0.0
nutri-matic,0.0
nvsbl,0.0
nyan_kitty1024,0.0
nyanking,0.0
nyte87,0.0
oconnell1103,0.0
ocpmbrat,0.0
octopolous,0.0
oh1berlin,0.0
ohem,0.0
ohitsthatguy86,0.0
ohmytvc15,0.0
ohnowaibro,0.0
ohsocleverhuh,0.0
ohwouldntitbenice,0.0
ok_backbay,0.0
okiegirl,0.0
old_journal,0.0
omatrisha,0.0
omegawoot,0.0
omfgtom,0.0
omgburned,0.0
omgitsthepast,0.0
omglazers,0.1653
omni4life,0.0
omyhotlibertineson,0.0
onbrkenwings,0.0
onecanwish,0.0
oneironautalis,0.0
onewhosighs,0.0
onionsforeyes,0.0
ontheprowlinberk,0.0
ooBlackRabbitoo,0.0
oops_crash,0.0
opgumby,0.0
opie32601,0.0
oprx,0.0
opticbit,0.0
or_me_bender,0.0
oracular_,0.0
orange_lotus,0.0
orangebomb,0.0
orangekrush39,0.0
oranges_are_tasty,0.0
ornascien,0.0
orphenshadow,0.0
oscar8430,0.0
outlawadidas,0.0
outofthewoods,0.0
overindulgent,0.0
overripebanana,0.0
overs33r,0.0
owmyjoints,0.0
p0ns,0.0
pacmanfloataway,0.0
pacreams,0.0
pacweebles,0.0
paczkitten,0.0
padlocke09,0.0
pahncrd,0.0
paisleyswift,0.0
pandapat,0.0
pandarawr,0.0
pandyfacklering,0.0
panicbomb44,0.0
papa_mog,0.0
paperbanjo,0.0
papillae,0.0
parabox1,0.0
parkerxo,0.0
partychu,0.0
partytimeusa420,0.0
pasano54,0.0
passiton1,0.0
patefacio,0.0
patmagic,0.0
patrickka1,0.0
pattherat,0.0
patwdc,0.0
paularisingopinion,0.0
paultagonist,0.0
pawlup,0.0
paypal4za,0.0
paztime,0.0
pbrigh,0.0
pbtechie,0.0
pclinger,0.0
pcs2012,0.0
pdweinroth,0.0
peavey269,0.2515
pedji,0.0
peeringwound,0.0
peetzathrowaway,0.0
penguin9,0.0
penguin_gun,0.0
peppeppep,0.0
peppermintsauce,0.0
perezdev,0.0
perjunk,0.0
perspect,0.0
pfcvenus,0.0
pghguitar,0.0
phasecode,0.0
phatcat09,0.0
phelpsben,0.0
phenomenalanomaly,0.0
phenomenos,0.0
phialphagangster,0.0
philipschall,0.0
phillysaxon,0.0
phobophobia,0.0
phosoup,0.0
photography444,0.0
phr3shcooki3s,0.0
phrozen1,0.0
phxmommy,0.0
picadot,0.0
piccolittle,0.0
picklecat11,0.0
piggycat,0.0
pigrott,0.0
pinacoladasobe,0.0
pinkswan09,0.0
pinsandpearls,0.0
pipedreamexplosion,0.0
piranhagus,0.0
pizza991,0.0
pizza_karma,0.0
pizzaforbartenders,0.0
pizzaforpizza,0.0
pizzafun,0.0
pizzaluver,0.0
pizzanstuff,0.0
pizzaperhaps,0.0
pizzathrowaway12314,0.0
pizzatroll69,0.0
pkbooo,0.0
plagel,0.0
plastic_apollo,0.0
plates89,0.0
playdoepete,0.0
pleasefeedme,0.0
pleasestaydwight,0.0
plong0,0.0
poffpaul,0.0
pointy-duck-fart,0.0
pokemeng,0.0
pon_de_rring,0.0
pondy_,0.0
pookie85,0.0
pooncartercash,0.0
poopdedoop,0.0
pootytang324,0.0
popopnoro,0.0
popota,0.0
pornoacc,0.0
portablefan,0.0
postfish,0.0
postulate5,0.0
potentialpizzapowers,0.0
potently-potable,0.0
poup_soup_boogie,0.0
poutina,0.0
powerbearden,0.0
powerseller,0.0
preggers09,0.0
pregosaurusrex,0.0
preternaturous,0.0
prettyugly1,0.0
prideisanindulgence,0.0
princessemily30,0.0
princesspentagon,0.0
priorwalter,0.0
proFRESHional,0.0
promiseme13,0.0
propertyoftim,0.0
proscale,0.0
prostetnicjeltz,0.0
providencepariah,0.0
pruriENT_questions,0.0
psikeiro,0.0
psm321,0.0
psy_ko,0.0
psychedelicvelocity,0.0
psyder3k,0.0
puddems,0.0
puffinmaster86,0.0
pungellin,0.0
punk_lecture,0.0
punkusa,0.0
puraasneira,0.0
purplebootyfox,0.0
purplebowl,0.0
purplefairy,0.0
purplemudkip,0.0
purplepillowmonsters,0.0
purseon,0.0
pusangani,0.0
pvrc,0.0
pwhiller,0.0
pwitt2,0.0
pwitty2,0.0
pwndcake,0.0
pyewacketcg,0.0
pyratus,0.0
pyrex222,0.0
pzero,0.0
qjb,0.0
quaintmercury,0.0
quakingandshaking,0.0
quantum14,0.0
quasarqueenz,0.0
queen_mcgina,0.0
queenmaeree,0.0
queenofthesmileys,0.0
queersmut,0.0
quesaadia,0.0
questionthequestion,0.0
quidam08,0.0
quiethero,0.0
quincy_c3,0.0
quinlan_wtf,0.0
quinncuatro,0.0
quistis1189,0.0
qwertyasdfg123456,0.0
qwertyuiop1024,0.0
r0ryfromNY,0.0
r0ss0me,0.0
r4g3,0.0
r502692,0.0
raNraNs,0.0
raNraNskynet,0.0
rabidsi,0.0
rabitrabbit,0.0
rachc9,0.0
racheal1991,0.0
raddakatkat,0.0
radioboy,0.0
radium-v,0.0
radpitt,0.0
ragnarok927,0.0
raguguy,0.0
raiderwoj,0.0
rainboupanda,0.0
rainbowpuff,0.0
rainnthunder,0.0
raisinghope,0.0
ramenramenramenramen,0.0
ramturdz,0.0
ramynoodles,0.0
randomlychatspeople,0.0
randomnightfreedie,0.0
raopanon,0.0
rarar,0.0
rareapplepie,0.0
raspberryblonde,0.0
raspberryseltzer,0.0
rastafreaks,0.0
rastapasta808,0.0
rasungod0,0.0
ratatita,0.0
rats7eli,0.0
ratt185,0.0
rav44me,0.0
raveneyes77,0.0
ravens52,0.0
rawdoglife,0.0
raxxaRn,0.0
raydinn,0.0
raymendx,0.0
rayofsunshine1110,0.0
razorbladecherry,0.0
razzmatazz1313,0.0
rbasov,0.0
rbwildcard,0.0
rckmomof2,0.0
rdarkslayer,0.0
rdigianni,0.0
rdjslittleslut,0.0
rdwing,0.0
re_mix,0.0
reagansquad,0.0
realbuddha,0.0
realizerealeyes,0.0
reallycouldusefood,0.0
realmkiller,0.0
reavercleaver,0.0
rebekkahkins,0.0
rebelwithkidz,0.0
rebirf,0.0
rebuiltmachinery,0.0
rectumranger,0.0
red_lambda,0.0
redcoffecup,0.0
redditchulous,0.0
redditg0nad,0.0
redditiculousness,0.0
redditisforsheep,0.0
redditluvr11,0.0
redditor_13,0.0
redditothor,0.0
redditt209,0.0
redeyed_bomber,0.0
redfordjay,0.0
redrum1140,0.0
redsox87,0.0
refugee,0.0
reginaldKRAY,0.0
reiduh,0.0
reimerl,0.0
relentlessrobot,0.0
replicasex,0.0
requiredreading11,0.0
rerodinohunter,0.0
researchnerd,0.0
resik307,0.0
retaardvark,0.0
retshalgo,0.0
revant54,0.0
reverendjay,0.0
rfuilrez,0.0
rgb519,0.0
rgundran87,0.0
rhajing,0.0
rhiesa,0.0
rhinocerosGreg,0.0
rhiz0me,0.0
rhkenji,0.0
rhubey,0.0
rhue,0.0
rhys91,0.0
rhythmmlove,0.0
ricecake23,0.0
ricesock,0.0
richierich925,0.0
rico2992,0.0
ridiculous_questions,0.0
ridiculoussidecar,0.0
ridingthewahmbulance,0.0
rido98,0.0
rightdeadzed,0.0
rika84,0.0
rikbrown,0.0
rikkums,0.0
ringokid,0.0
rinnanine,0.0
riob3,0.0
rituyen,0.0
riverfrontmom,0.0
rjhomer,0.0
rjr49,0.0
rken3824,0.0
rkinghrsppl,0.0
rlaw68,0.0
rnelso23,0.0
roachellie81,0.0
roaringbobcats,0.0
roastedbagel,0.0
robbbbbbbbbbbb,0.0
robeth,0.0
robmpulse,0.0
robotbuttsex,0.0
robsawesum,0.0
roccala,0.0
rockacessor,0.0
rocknmebaby,0.0
rockstarlove2009,0.0
roflrad,0.0
rogers4201,0.0
roguediamond,0.0
rojojojo,0.0
ronkhalifa,0.0
ronniec1,0.0
ronnyboy,0.0
ronsbigwig,0.0
roobacca,0.0
rootrhythm,0.0
rorysmom1,0.0
rosaliezom,0.0
rosesareredviolets,0.0
ross5781,0.0
rottenramen,0.0
roughdiamonds,0.0
roxie1127,0.0
royalalez,0.0
rozap,0.0
rpgguy_1o1,0.0
rpivonka,0.0
rrraebies,0.0
rshepa1555,0.0
rth182,0.0
rubenik,0.0
rumham22,0.0
runawaykitty,0.0
runningonnubs,0.0
rushfan801,0.0
russian2013,0.0
russianlinux,0.0
russxbox,0.0
rwheeler720,0.0
rx7dude,0.0
ryanakvet,0.0
ryancarpenter,0.0
ryandury,0.0
ryangraves,0.0
ryansmommy,0.0
ryanvoyles1,0.0
ryoshi,0.1615
ryukatsusei,0.0
rzm61,0.0
s0nicfreak,0.0
sPunDuck,0.0
sabin357,0.0
sabresandbills,0.0
sae223,0.0
safari253,0.0
sahraehmmz,0.0
saitiffeh,0.0
salmonerd202,0.0
sam6374,0.0
sam678,0.0
samandthewhale,0.0
sammac,0.0
sammi_saurus,0.0
sammibabby,0.0
sammy0789,0.0
sammy1990,0.0
samtastic2,0.0
samuraisports37,0.0
samw3d,0.0
samwisevimes,0.0
sanctusnirvana,0.0
sandmyth,0.0
sandrasko2,0.0
sandy_balls,0.0
sandyholly3,0.0
sandysamom,0.0
sapzilla,0.0
sarah5121,0.0
sarahh83,0.0
sarahjo10,0.0
sarancape,0.0
sarascientaster,0.0
sarawoof,0.0
sariahsara,0.0
saribhoops,0.0
saskatoonhobo,0.2517
sassafras64,0.0
satori808,0.0
sault1988,0.0
savemebarryyy,0.0
saveonesavetheworld,0.0
savingthingsdine22,0.0
saysstuffyouwantto,0.0
sayzar,0.0
sbirche,0.0
sbk92,0.0
scaireejack,0.0
scapplua,0.0
scared_of_dad,0.0
scarlettenoir,0.0
scarymonsters85,0.0
scbryant,0.0
scebm92,0.0
schillbean,0.0
schmin,0.0
schrodingers_lolcat,0.0
scissormonkey,0.0
sclvt,0.0
scoobydo0,0.0
scott2chicago,0.0
scottb84,0.0
screaminginpussy,0.0
scrovak,0.0
scumbagbrainy,0.0
sdritchie,0.0
sds554,0.0
sdtacoma,0.0
sdwrage,0.0
seaLclubbeR11,0.0
seabass86,0.0
seamachine,0.0
sean1986,0.0
seanbyram,0.0
seanrpa,0.0
seanterry7,0.0
sectorfour,0.0
seeker135,0.0
sefox,0.0
segers909,0.0
selbeh,0.0
selfabortion,0.0
senchi,0.0
senior2012,0.0
serenalunarose,0.0
sergeantbadasses,0.0
seriouslyhungry,0.0
seryddwr,0.0
sesameeyes,0.0
setcountzero,0.0
sexpotato,0.0
sezzme,0.0
sfgeek,0.0
sfp5005,0.0
sgasph,0.0
sgtdisaster,0.0
shaboingdezzleknock,0.0
shadus,0.0
shaggyhair,0.0
shakeandhappy,0.0
shambilla,0.0
shameaway,0.0
shanemeh,0.0
shark2000br,0.0
sharpenup,0.0
shashul,0.0
shaunFTM,0.0
shavingourbeards,0.0
shawshank3d,0.0
shaynagier,0.0
shdwscrp,0.0
sheenobu,0.0
sheik790,0.0
shellsbell,0.0
shhhXdontXtell,0.0
shhkari,0.0
shhmile,0.0
shinefire,0.0
shini32,0.0
shinnjr,0.0
shittyTaco,0.0
shiv3rz,0.0
shizanski,0.0
shmacky,0.0
shmily16,0.0
shmuelb,0.0
shnn1984,0.0
shrapnull,0.0
shufflingmulligan,0.0
siberian_whistle,0.0
sicilianhotdog,0.0
sickoframen,0.0
sierra217,0.0
sierraechowhiskey,0.0
sifon187,0.0
siggigod,0.0
signgirlamy10,0.0
sillysouthgal,0.0
silver0a1,0.0
silverpixiefly,0.0
silvery_silver,0.0
silverzone,0.0
simplegreens,0.0
simplyashley21,0.0
simplynox,0.0
sincerelymoi,0.0
singlemommyof1,0.0
siochain09,0.0
sir_scotch,0.0
sir_walter,0.1672
sirmxe,0.0
sirwillis,0.0
sissy1984,0.0
sister4sale,0.0
sister_carlotta,0.0
sitosanta,0.0
sizlo,0.0
skeletor19,0.0
sketchydeal,0.0
skinpeels,0.0
skins21,0.0
skirtgirlie,0.0
skittixch,0.0
sknabc,0.0
skyholmes,0.0
skys_hubby,0.0
slagathor51,0.0
slarson802,0.0
slartbarg,0.0
slaughterhouse6,0.0
slayer_of_potatoes,0.0
slayingomen,0.0
sleazyrider,0.0
slickrick2345,0.0
slipnslide91,0.0
sloecks,0.0
slomotion,0.0
smartsoldier,0.0
smechile,0.0
smellycoat,0.0
smewoo,0.0
smileyjeanx3,0.0
smokeey,0.0
smokey-taboo,0.0
smokeyd2197,0.0
smokeydesperado,0.0
smokwzbroiplytowej,0.0
smonz3,0.0
smsaint,0.0
smun92,0.0
snang,0.0
snappdigger,0.0
snappergk,0.0
snellvillemelvin,0.0
snicketorticket,0.0
snicklefrizz,0.0
sniperjohn,0.0
sniperlotte,0.0
sno0py_girl,0.0
so817,0.0
soad3821,0.0
soapbarrace,0.0
sobermommy33,0.0
socialclash,0.0
sock-em-boppers,0.0
socomnvy,0.0
sofkt,0.0
softchkntaco,0.0
soggyperson,0.0
sol-,0.0
some_weird_guy,0.0
somedude010,0.0
somporn,0.0
sonichedghog,0.0
sophyphi,0.0
soreadyourbooks,0.1294
sorieus,0.0
soulpowerdrummer,0.0
soy__juan,0.0
spacedout83,0.0
spacemao,0.0
spacierharbor,0.0
spaghetties,0.0
spankadoodle,0.0
sparklejackie,0.0
sparty_party,0.0
spathizilla,0.0
spatimouth01,0.0
spazmodial,0.0
spazmonkey1565,0.0
spazure,0.0
sphygmoman,0.0
spineapples,0.0
spiral_in_the_sky,0.0
splashdamage,0.0
splott,0.0
spoon2bigg,0.0
spriley,0.0
springwood,0.0
sprocketcraft,0.0
sprokket,0.0
spunX44,0.0
spunshadow,0.0
sputnik_,0.0
sqeak,0.0
squeeky2,0.0
squidbill,0.0
squidpotato,0.0
squigglez,0.0
squirrelyMAPLE,0.0
srempfer,0.0
stagecoach_jay,0.0
staglord,0.0
starboardbow,0.0
stardled,0.0
starfleetofficer,0.0
starlight03,0.0
starshyne83,0.0
startrekdentist,0.0
starvedin,0.0
starvingglassblower,0.0
starvingintn,0.0
starwynd43,0.0
stationhollow,0.0
steamboatdavey,0.0
steamwolf90,0.0
steezy1,0.0
stefanie_k,0.0
stellarecho92,0.0
stephen_stills,0.0
stephiej17,0.0
stephnmaddy2010,0.0
sterfried,0.0
sterluv,0.0
stesal,0.0
steve-d,0.0
stevenflerl,0.0
stifflerkatie,0.0
stillurking,0.0
stillwater,0.0
stinkinlikerehats88,0.0
stoic_bear,0.0
stonerd,0.0
stonerninja,0.0
stoney35,0.0
stoneybalony,0.0
stordoff,0.0
stormtide311,0.0
straightphag,0.0
straitodenim,0.0
strawber,0.0
strawberrykiwi1992,0.0
streetbum87,0.0
streetmanjoe,0.0
stretch_harmstrong,0.0
strictlycomeprancing,0.0
strif3,0.0
strikeralley,0.0
strugglingtogetby,0.0
stuckINokc,0.0
studentneedingnoms,0.0
stupidfrikkenthrwawy,0.0
suarezi93,0.0
subot,0.0
suckstobepeople,0.0
suckyswimmer,0.0
suco_de_goiaba,0.0
sucom,0.0
sueolsen,0.0
sufjams,0.0
sugar127,0.0
sugardrop,0.0
sultanc,0.0
sultryunicorn,0.0
sumguysr,0.0
sumpinlikedat,0.0
sunchow,0.0
sunnyhorse,0.0
supergamerz,0.0
superherobeasley,0.0
superman19703,0.0
supershwee,0.0
superthrust,0.0
supertigger,0.0
surfingservants,0.0
sushisamurai90,0.0
suzed,0.0
svenjj,0.0
swade22789,0.0
swanson3775,0.0
swanthewarchief,0.0
swdpwnzdggr,0.0
sweetcherry88,0.247
sweetdaisy,0.0
sweetlifeofawiseman,0.0
sweetluc,0.0
swiftlessons,0.0
swimfast111,0.0
switzx,0.0
swoledawg,0.0
swolfe2,0.0
swxggy,0.0
sympaticosquirrel,0.0
syn1734,0.0
syntenic,0.0
synth3tk,0.0
synthetic_sound,0.0
syracuse1971,0.0
sysadminwatdo,0.0
tOki_Sori,0.0
t__mhjr,0.0
tableofgeeks,0.0
tacodad,0.0
tadisc,0.0
taimoor2,0.0
take7steps,0.0
take_and_toss,0.0
take_me_home_tonight,0.0
talikfy,0.0
tallwookie,0.0
tamrix,0.0
tangerinerind,0.0
tankerjoe,0.0
tanrans,0.0
tanyagal2,0.0
taosk8r,0.0
tapatilo,0.0
tapedeckghost,0.0
tapeoflife,0.0
taransean,0.0
targetpi,0.0
tarheel2000,0.0
tarheelghost,0.0
tasha0615,0.0
tashiwa,0.0
tashtash,0.0
tasteyboi,0.0
tastychicken,0.0
taterpot,0.0
tatorface,0.0
taxidermi,0.0
tbfallout,0.0
tbone711,0.0
td117,0.0
teacherstudent,0.0
tealie13,0.0
techlos,0.0
teev00,0.0
teh12,0.0
tehbo0tab3gga,0.0
tehjeff,0.0
tehloki,0.0
tehlolredditor,0.0
tekn04,0.0
telepathetic_monkey,0.0
tempest918,0.0
tenaciouszep,0.0
terdwrassler,0.0
tethercat,0.0
texasjunk,0.0
textish,0.0
thablackphoenix,0.0
thadev,0.0
thadlozen,0.0
that-one-bear,0.0
that_guy_who_shops,0.0
that_seattle_blue,0.0
thatkidmax,0.0
thatonejoychick,0.0
thatonepianoguy,0.0
thatprettichick,0.0
thatwholurks,0.0
thcdynasty,0.0
thcidiot,0.0
the2ndtolastunicorn,0.0
theDaninDanger,0.0
theLBD,0.0
theRealFattyJ,0.0
theSubliminalist,0.0
the_ceramic_sponge,0.0
the_goliath,0.0
the_hedgemon,0.0
the_jury_is_out,0.0
the_pawl,0.0
the_polish_hammer,0.0
the_real_davenull,0.0
the_sweetest_fetus,0.0
the_viper,0.0
theanimator88,0.0
theassassinTC,0.0
thebarrelmonkey,0.0
theblatt,0.0
thebluesharpie,0.0
thebraus,0.0
thecarnivale,0.0
thechameleonnn,0.0
thechoop,0.0
theclosetwriter,0.0
thedirtdog,0.0
thedragbible,0.0
thedragslay,0.0
theduke1204,0.0
thefakeanthonyscott,0.0
thefatgod,0.0
thefeesh,0.0
thefireballkid,0.0
thefirstjoe,0.0
theflyhomie,0.0
thegreatcanadianehp,0.0
thehorrorchord,0.0
thehungrythrowaway,0.0
thehusko,0.0
theironcode,0.0
thejollytramp,0.0
thelastbandito,0.0
theloneliestgeek,0.1652
thelwynn,0.0
themanifold,0.0
thenerdal,0.0
thenewguy729,0.0
thenewnum2,0.0
thenikmarr,0.0
theoneandonlynox,0.0
theonefree-man,0.0
theonemankliq,0.0
thepinkyoohoo,0.0
thepiranha,0.0
therealcraxy,0.0
theredditor1142,0.0
theresa1963,0.0
theresaneyeinmesoup,0.1682
theriddler41,0.0
thesavorytrim,0.0
theserpentsmiles,0.0
theshaneman,0.0
theshizle,0.0
thespecial1,0.0
thesuperrad,0.0
thetebe,0.0
thetowncobler,0.0
thetruedarkone,0.0
thetruefrozn,0.0
theusernameiwanted,0.0
theverybestusername,0.0
thevillagekid,0.0
thewisestwise,0.0
thexon,0.0
thing2thatiam,0.0
this-is-my-design,0.0
thiscnidocyte,0.0
thisisentertainment,0.0
thisishorsepoop,0.0
thisismylurkingname,0.0
thisisvienna,0.0
thm09,0.0
thomrobb,0.0
thor214,0.0
thought_i_hADDhERALL,0.0
threedice,0.0
threwahway,0.0
throuhweigh123,0.0
throw81204,0.0
throwaway-___,0.0
throwaway0751,0.0
throwaway121518,0.0
throwaway619,0.0
throwaway_father,0.0
throwawaybfaccount,0.0
throwawaythisjune,0.0
throwitalloutfriends,0.0
throwthisfuckaway,0.0
thrutheforest,0.0
thuff,0.0
thunderbolt72799,0.0
thunderpcats,0.0
thursdaye,0.0
tia30,0.0
ticklemehoho,0.0
ticklesoda,0.0
tieks0,0.0
tiger_lily87,0.0
tigerregjoe,0.0
tigressstar,0.0
tiki456,0.0
tim1981,0.0
timefornothing,0.0
timhernandez,0.0
timneo,0.0
timorousme,0.0
tincanweeekly,0.0
tinglySensation,0.0
tinychestnut,0.0
tinycroissant,0.0
titanicx,0.0
tjk2795,0.0
tkpower,0.0
tlock8,0.0
tlomuw1,0.0
tmhwg,0.0
tobygee,0.0
toe2thaknee,0.0
tofaraway4u2hold,0.0
tokenfemale,0.0
tomK1983,0.0
tomatohater,0.0
tomchch,0.0
tomlyons27,0.0
tommybrohama,0.0
tommygunner91,0.0
toncinap,0.0
tonicblue,0.0
tonyac84,0.0
tooembarassedplshelp,0.0
toolland,0.0
tophatmcquack,0.0
topodan,0.0
tortnotes,0.0
totallybroke,0.0
touchy610,0.0
toxinx,0.0
tpb01,0.0
tracyb80,0.0
trapd,0.0
treebeard42,0.0
treebot,0.0
treebox,0.0
treepage,0.0
trees_and_waffles,0.0
trickedoutdavid,0.0
triemers,0.0
trislerb,0.0
trixielexi,0.0
trixner,0.0
trkmas3122,0.0
troj4nk1ng,0.0
troll_fail,0.0
trollyx3,0.0
troyroyroy,0.0
truegreenarmy,0.0
truesauce,0.0
truongbv,0.0
tryn4uss,0.0
tshinotu145,0.0
tsmartin123,0.0
tspike,0.0
tsuto,0.0
tswaves,0.0
tthought,0.0
ttwwrrss,0.0
tummytune,0.0
tungtor,0.0
turbojuice,0.0
turfguytx,0.0
tvk4486,0.0
tvrmoil,0.0
twfl,0.0
twinnydp,0.0
twist3dl0gic,0.0
twister17,0.0
twometerventshaft,0.0
twopoorstonerchicks,0.0
twosoon22,0.0
twunsch,0.0
txn9,0.0
txrangers2011,0.0
tyalah,0.0
tyman1180,0.0
tysmommy0831,0.0
ubertuba,0.0
ughmothers,0.0
umngirl,0.0
unaspirateur,0.0
uncamad,0.0
unclejim22,0.0
uncomfortable_pillow,0.0
unconfusedsub,0.0
unfinator,0.0
unforgiving_cake,0.0
unholycrap,0.0
unibody,0.0
uninvitedthirteenth,0.0
unkinhead,0.0
unluckyfortheholiday,0.0
unluckyguy2_0,0.0
unmoderated,0.0
uptownpatti,0.0
upupandawaway,0.0
urasandwich,0.0
urbancollegekid,0.0
urkson,0.0
urprobaliar,0.0
usctrojangirl,0.0
uselessbastard,0.0
userSNOTWY,0.0
usftampa,0.0
v1perdr1ve,0.0
vCarbonix,0.0
vaderssoliloquies,0.0
val_valkyrie,0.0
valdes10163,0.0
vally78,0.0
valoraeon,0.0
vamosj,0.0
vampyromorph,0.0
vanessavanessanessa,0.0
vanman33,0.0
vbran601,0.0
vcaylor77,0.0
vdp007,0.0
veertamizhan,0.0
velocitygirl77,0.0
velvetcrayon,0.0
vensik,0.0
veritas27,0.0
vertstang86,0.0
verygenericusername,0.0
verygoodname,0.0
veterinarygopher,0.0
vethan,0.0
vfquaked,0.0
vi1987,0.0
vickisam,0.0
viktoriyarigh,0.0
villageidiot1991,0.0
violalala,0.0
viperansty,0.0
visionaryrabbit,0.0
visivopro,0.0
visvires,0.0
vito_corleone,0.0
vivanetx,0.0
vivi767,0.0
vizvanz,0.0
vodoman123,0.0
vonnemutt,0.0
vonswain,0.0
vorter,0.0
vpal,0.0
vrane,0.0
vrod9090,0.0
vthokie92,0.0
vveksuvarna,0.0
w00tgasm,0.0
w0mpw0mp,0.0
wadeabaldwin,0.0
wafflecopters,0.0
waffletoast,0.0
waitingforthehail,0.0
wakedan,0.0
waldotherogue,0.0
waltersworldwide,0.0
wandlore,0.0
wantonviolins,0.0
warchamp7,0.0
warzero,0.0
washyourfruit,0.0
wasp2356,0.0
wastingawayinGA,0.0
watchitfall,0.0
watchtowerwolf,0.0
watchwatch99,0.0
waterbomb,0.0
watermelonllc,0.0
watsoned,0.0
waycheck,0.0
wchill,0.0
wdouglas37,0.0
weasler,0.0
webdesigna69,0.0
wecandoit1,0.0
weedandmountaindew,0.0
weerdio,0.0
wegin,0.0
weloveheidi,0.0
wenchers13,0.0
wendetta,0.0
wendybyrdie,0.0
wensul,0.0
westinger,0.0
westpfelia,0.1674
whackthat,0.0
whasittoya,0.0
what_the_heil,0.0
whatalaymedown,0.0
whatdoido101010,0.0
whatisajewanyway,0.0
whattodo22789,0.0
where-does-it-go,0.0
whiletheworldspins,0.0
whitesox287,0.0
whitew0lf,0.0
whitewhale2377,0.0
whittle,0.0
whoopdippitydooda,0.0
whosthat,0.0
whowriter,0.0
whubbard,0.0
wiat09,0.0
wickawickawatts,0.0
wickedspork,0.0
wiggie2gone,0.0
wilbur2010,0.0
willendorfmedia,0.0
williamspam91,0.0
willowroad,0.0
wilsonspossum1,0.0
windozxpert,0.0
windycitykid,0.0
winfred,0.0
wingal,0.0
wingsalone,0.0
winterwhite87,0.0
withbrolafsaxe,0.294
witty_or_not_here,0.0
wittyusername1987,0.0
wiz3n,0.0
wjames88,0.0
wnbaloll,0.0
wockaflocka,0.0
wolfbuzz,0.0
wolfgame,0.0
wolin018,0.0
wonderdog17,0.0
wonderfulmetropolis,0.0
wonkizzle,0.0
woofiegrrl,0.0
woolah,0.0
wordmama,0.0
worfres_arec_bawrin,0.0
works0fheart,0.0
worriedgrandma,0.0
woyervunit,0.0
wrytyr,0.0
wtfmercedes,0.0
wtfosaurus,0.0
wtlordweb,0.0
wuu,0.0
wwjd_for_a_klondike,0.0
x777x777x,0.0
xAbaddon,0.0
xCJRx,0.0
xEONx,0.0
xEverglowx,0.0
xIndirect,0.0
xLaForge,0.0
xPostScriptx,0.0
xPsalms,0.0
xSquires,0.0
xStereo,0.0
xTanGuy,0.0
xXWinchell23Xx,0.0
xX_Jon_Boehner_Xx,0.0
xZack,0.0
x_driven_x,0.0
xainthelimit,0.0
xandapanda,0.0
xb4r7x,0.0
xdoo675,0.0
xjems,0.0
xl_Ruthless_lx,0.0
xlude22x,0.1693
xobeckaxo1,0.0
xoyie,0.0
xpainisweaknessx,0.0
xtenext,0.0
xuryfluous,0.0
xvaquilavx,0.0
xxrocksteadyxx,0.0
xyz66,0.0
xyzzxzzyx,0.0
yackie,0.0
yall_weird,0.0
yampuffs,0.0
yankee-bor,0.0
yannuzra,0.0
yarco,0.0
yarnto,0.0
yawnlikeyoumeanit,0.0
yellowsubtab,0.0
yespls,0.0
yhwksa,0.0
yixing,0.0
ylwsubmarineresident,0.0
ynoty3k,0.0
yoasty,0.0
yodacola,0.0
yohek1301,0.0
yoloisharam,0.0
youareadouchebag2,0.0
youngdirty,0.0
youngfamily,0.0
youni89,0.0
youre-a-cat-gatter,0.0
yourlilcowgirl,0.0
yourmother-athon,0.0
ysberk,0.0
yummyfrenchfry,0.0
yun-,0.0
yungbroccoli,0.0
yunododat,0.0
yupitsaslie,0.0
z3phyr13,0.0
zachthesquid,0.0
zahidraja,0.0
zaiden911,0.0
zalodad,0.0
zandyman,0.0
zanthoroctu,0.0
zedoktar,0.0
zeekaye,0.0
zeeksandroid,0.0
zelmerszoetrop,0.0
zemily,0.0
zephris,0.0
zerocoal,0.0
zerodymeu,0.0
zeromodulo,0.0
zerovalue0,0.0
zerust,0.0
zewvlf,0.0
ziggymilson,0.0
zikus,0.0
zimpirate,0.0
zionistbastard,0.0
zombehsoule,0.0
zombiehannah,0.0
zombisaurusrex,0.0
zomboi,0.0
zooey_roses,0.0
zpgjne,0.0
zpoehlein12,0.0
zqxwcevrbt,0.0
zratz3171,0.0
zstillman,0.0
ztfreeman,0.0
zuggle,0.0
zuizide,0.0
